,Score,Seq. ID,Description,Organism Source,Tax. distance,Rxn. ID,Rxn. ID - additional,EC Number,Uniprot protein evidence,Consv. Score,Rxn Sim.,Rxn Sim RF.,Direction Used,Combined score,% helices,% sheets,% turns,% coils,Mol. Weight,Isoelec. Point,Polar %,Query,Hit
1,15.23765,P15288,Cytosol non-specific dipeptidase,Escherichia coli (strain K12) OX=83333,1.0,MNXR148461,-,3.4.13.18;3.4.13.4,1.0,0.0,0.21959,0.107163,1,0.163378,45.4,19.4,15.1,23.5,52915.41,5.0525,43.918,NC(N)=NCCC[C@H](N)C(=O)O.NCCCC(=O)O>>NC(N)=NCCCC(=O)O.NCCC[C@H](N)C(=O)O,NC(=[NH2+])NCCC[C@H](NC(=O)CC[NH3+])C(=O)[O-]>>N=C(N)NCCCC(N)C(=O)O.[NH3+]CCC(=O)[O-].[H+]
2,5.03765,P44817,Cytosol non-specific dipeptidase,Haemophilus influenzae (strain ATCC 51907 / DSM 11121 / KW20 / Rd) OX=71421,11.0,MNXR148461,-,3.4.13.18;3.4.13.4,3.0,0.0,0.21959,0.107163,1,0.163378,42.9,23.1,11.8,25.6,52888.19,5.1159,45.248,NC(N)=NCCC[C@H](N)C(=O)O.NCCCC(=O)O>>NC(N)=NCCCC(=O)O.NCCC[C@H](N)C(=O)O,NC(=[NH2+])NCCC[C@H](NC(=O)CC[NH3+])C(=O)[O-]>>N=C(N)NCCCC(N)C(=O)O.[NH3+]CCC(=O)[O-].[H+]
3,-20.86235,Q3ZC84,Cytosolic non-specific dipeptidase,Bos taurus OX=9913,37.0,MNXR148461,-,3.4.13.18;3.4.13.4,2.0,0.0,0.21959,0.107163,1,0.163378,43.1,24.4,17.2,18.7,52655.37,5.6720,43.368,NC(N)=NCCC[C@H](N)C(=O)O.NCCCC(=O)O>>NC(N)=NCCCC(=O)O.NCCC[C@H](N)C(=O)O,NC(=[NH2+])NCCC[C@H](NC(=O)CC[NH3+])C(=O)[O-]>>N=C(N)NCCCC(N)C(=O)O.[NH3+]CCC(=O)[O-].[H+]
4,-21.76235,Q6Q0N1,Cytosolic non-specific dipeptidase,Rattus norvegicus OX=10116,38.0,MNXR148461,-,3.4.13.18;3.4.13.4,1.0,0.0,0.21959,0.107163,1,0.163378,42.9,23.7,18.5,18.3,52693.14,5.3780,44.211,NC(N)=NCCC[C@H](N)C(=O)O.NCCCC(=O)O>>NC(N)=NCCCC(=O)O.NCCC[C@H](N)C(=O)O,NC(=[NH2+])NCCC[C@H](NC(=O)CC[NH3+])C(=O)[O-]>>N=C(N)NCCCC(N)C(=O)O.[NH3+]CCC(=O)[O-].[H+]
5,-22.76235,Q9D1A2,Cytosolic non-specific dipeptidase,Mus musculus OX=10090,39.0,MNXR148461,-,3.4.13.18;3.4.13.4,1.0,0.0,0.21959,0.107163,1,0.163378,43.1,23.7,18.3,18.3,52767.29,5.3780,44.000,NC(N)=NCCC[C@H](N)C(=O)O.NCCCC(=O)O>>NC(N)=NCCCC(=O)O.NCCC[C@H](N)C(=O)O,NC(=[NH2+])NCCC[C@H](NC(=O)CC[NH3+])C(=O)[O-]>>N=C(N)NCCCC(N)C(=O)O.[NH3+]CCC(=O)[O-].[H+]
6,-22.76235,Q96KP4,Cytosolic non-specific dipeptidase,Homo sapiens OX=9606,39.0,MNXR148461,-,3.4.13.18;3.4.13.4,1.0,0.0,0.21959,0.107163,1,0.163378,41.2,23.7,20.0,18.5,52878.47,5.8133,44.000,NC(N)=NCCC[C@H](N)C(=O)O.NCCCC(=O)O>>NC(N)=NCCCC(=O)O.NCCC[C@H](N)C(=O)O,NC(=[NH2+])NCCC[C@H](NC(=O)CC[NH3+])C(=O)[O-]>>N=C(N)NCCCC(N)C(=O)O.[NH3+]CCC(=O)[O-].[H+]
7,-22.76235,Q8IYS1,Xaa-Arg dipeptidase,Homo sapiens OX=9606,39.0,MNXR148461,-,3.4.13.18;3.4.13.4,1.0,0.0,0.21959,0.107163,1,0.163378,44.5,17.9,16.0,25.5,47776.17,5.7008,40.367,NC(N)=NCCC[C@H](N)C(=O)O.NCCCC(=O)O>>NC(N)=NCCCC(=O)O.NCCC[C@H](N)C(=O)O,NC(=[NH2+])NCCC[C@H](NC(=O)CC[NH3+])C(=O)[O-]>>N=C(N)NCCCC(N)C(=O)O.[NH3+]CCC(=O)[O-].[H+]
8,-22.76235,A3KG59,Xaa-Arg dipeptidase,Mus musculus OX=10090,39.0,MNXR148461,-,3.4.13.18;3.4.13.4,1.0,0.0,0.21959,0.107163,1,0.163378,55.7,17.1,11.8,19.3,46481.78,4.9325,38.747,NC(N)=NCCC[C@H](N)C(=O)O.NCCCC(=O)O>>NC(N)=NCCCC(=O)O.NCCC[C@H](N)C(=O)O,NC(=[NH2+])NCCC[C@H](NC(=O)CC[NH3+])C(=O)[O-]>>N=C(N)NCCCC(N)C(=O)O.[NH3+]CCC(=O)[O-].[H+]
9,-22.86235,Q5R432,Cytosolic non-specific dipeptidase,Pongo abelii OX=9601,39.0,MNXR148461,-,3.4.13.18;3.4.13.4,2.0,0.0,0.21959,0.107163,1,0.163378,41.2,23.1,19.0,20.3,52877.36,5.6404,44.842,NC(N)=NCCC[C@H](N)C(=O)O.NCCCC(=O)O>>NC(N)=NCCCC(=O)O.NCCC[C@H](N)C(=O)O,NC(=[NH2+])NCCC[C@H](NC(=O)CC[NH3+])C(=O)[O-]>>N=C(N)NCCCC(N)C(=O)O.[NH3+]CCC(=O)[O-].[H+]
10,NaN,P04693,Aromatic-amino-acid aminotransferase,Escherichia coli (strain K12) OX=83333,1.0,MNXR148016,-,2.6.1.57,1.0,0.0,0.21932,NaN,-1,0.219319,47.8,23.4,15.2,17.8,43537.81,5.1375,39.043,NC(N)=NCCC[C@H](N)C(=O)O.NCCCC(=O)O>>NC(N)=NCCCC(=O)O.NCCC[C@H](N)C(=O)O,[NH3+][C@@H](CCC(=O)[O-])C(=O)[O-].[*]CC(=O)C(=O)O>>[*]C[C@H](N)C(=O)O.O=C([O-])CCC(=O)C(=O)[O-]
11,NaN,O85746,Tyrosine aminotransferase,Klebsiella pneumoniae OX=573,7.0,MNXR148016,-,2.6.1.57,1.0,0.0,0.21932,NaN,-1,0.219319,41.5,27.0,17.1,18.6,43431.66,6.4079,39.547,NC(N)=NCCC[C@H](N)C(=O)O.NCCCC(=O)O>>NC(N)=NCCCC(=O)O.NCCC[C@H](N)C(=O)O,[NH3+][C@@H](CCC(=O)[O-])C(=O)[O-].[*]CC(=O)C(=O)O>>[*]C[C@H](N)C(=O)O.O=C([O-])CCC(=O)C(=O)[O-]
12,NaN,P74861,Aromatic-amino-acid aminotransferase,Salmonella typhimurium (strain LT2 / SGSC1412 / ATCC 700720) OX=99287,9.0,MNXR148016,-,2.6.1.57,3.0,0.0,0.21932,NaN,-1,0.219319,37.5,30.2,17.8,18.6,43526.77,5.4218,39.295,NC(N)=NCCC[C@H](N)C(=O)O.NCCCC(=O)O>>NC(N)=NCCCC(=O)O.NCCC[C@H](N)C(=O)O,[NH3+][C@@H](CCC(=O)[O-])C(=O)[O-].[*]CC(=O)C(=O)O>>[*]C[C@H](N)C(=O)O.O=C([O-])CCC(=O)C(=O)[O-]
13,NaN,M1PYS0,NaN,Pseudomonas putida,11.0,MNXR148016,-,2.6.1.57,NaN,0.0,0.21932,NaN,-1,0.219319,-,-,-,-,-,-,-,NC(N)=NCCC[C@H](N)C(=O)O.NCCCC(=O)O>>NC(N)=NCCCC(=O)O.NCCC[C@H](N)C(=O)O,[NH3+][C@@H](CCC(=O)[O-])C(=O)[O-].[*]CC(=O)C(=O)O>>[*]C[C@H](N)C(=O)O.O=C([O-])CCC(=O)C(=O)[O-]
14,NaN,M1Q842,NaN,Pseudomonas putida,11.0,MNXR148016,-,2.6.1.57,NaN,0.0,0.21932,NaN,-1,0.219319,-,-,-,-,-,-,-,NC(N)=NCCC[C@H](N)C(=O)O.NCCCC(=O)O>>NC(N)=NCCCC(=O)O.NCCC[C@H](N)C(=O)O,[NH3+][C@@H](CCC(=O)[O-])C(=O)[O-].[*]CC(=O)C(=O)O>>[*]C[C@H](N)C(=O)O.O=C([O-])CCC(=O)C(=O)[O-]
15,NaN,P43336,Aromatic-amino-acid aminotransferase,Pseudomonas aeruginosa (strain ATCC 15692 / DSM 22644 / CIP 104116 / JCM 14847 / LMG 12228 / 1C / PRS 101 / PAO1) OX=208964,12.0,MNXR148016,-,2.6.1.57,3.0,0.0,0.21932,NaN,-1,0.219319,44.9,28.5,16.4,14.4,43273.37,6.2384,39.348,NC(N)=NCCC[C@H](N)C(=O)O.NCCCC(=O)O>>NC(N)=NCCCC(=O)O.NCCC[C@H](N)C(=O)O,[NH3+][C@@H](CCC(=O)[O-])C(=O)[O-].[*]CC(=O)C(=O)O>>[*]C[C@H](N)C(=O)O.O=C([O-])CCC(=O)C(=O)[O-]
16,NaN,F5CC66,NaN,Azospirillum brasilense,12.0,MNXR148016,-,2.6.1.57,NaN,0.0,0.21932,NaN,-1,0.219319,-,-,-,-,-,-,-,NC(N)=NCCC[C@H](N)C(=O)O.NCCCC(=O)O>>NC(N)=NCCCC(=O)O.NCCC[C@H](N)C(=O)O,[NH3+][C@@H](CCC(=O)[O-])C(=O)[O-].[*]CC(=O)C(=O)O>>[*]C[C@H](N)C(=O)O.O=C([O-])CCC(=O)C(=O)[O-]
17,NaN,P95468,Aromatic-amino-acid aminotransferase,Paracoccus denitrificans OX=266,12.0,MNXR148016,-,2.6.1.57,1.0,0.0,0.21932,NaN,-1,0.219319,48.1,20.4,16.7,19.0,42732.07,5.4912,40.863,NC(N)=NCCC[C@H](N)C(=O)O.NCCCC(=O)O>>NC(N)=NCCCC(=O)O.NCCC[C@H](N)C(=O)O,[NH3+][C@@H](CCC(=O)[O-])C(=O)[O-].[*]CC(=O)C(=O)O>>[*]C[C@H](N)C(=O)O.O=C([O-])CCC(=O)C(=O)[O-]
18,NaN,O59096,NaN,Pyrococcus horikoshii,16.0,MNXR148016,-,2.6.1.57,NaN,0.0,0.21932,NaN,-1,0.219319,-,-,-,-,-,-,-,NC(N)=NCCC[C@H](N)C(=O)O.NCCCC(=O)O>>NC(N)=NCCCC(=O)O.NCCC[C@H](N)C(=O)O,[NH3+][C@@H](CCC(=O)[O-])C(=O)[O-].[*]CC(=O)C(=O)O>>[*]C[C@H](N)C(=O)O.O=C([O-])CCC(=O)C(=O)[O-]
19,NaN,H3ZPL1,Aromatic-amino-acid aminotransferase 1,Thermococcus litoralis (strain ATCC 51850 / DSM 5473 / JCM 8560 / NS-C) OX=523849,17.0,MNXR148016,-,2.6.1.57,1.0,0.0,0.21932,NaN,-1,0.219319,52.9,21.4,14.5,15.2,47610.31,5.3399,43.645,NC(N)=NCCC[C@H](N)C(=O)O.NCCCC(=O)O>>NC(N)=NCCCC(=O)O.NCCC[C@H](N)C(=O)O,[NH3+][C@@H](CCC(=O)[O-])C(=O)[O-].[*]CC(=O)C(=O)O>>[*]C[C@H](N)C(=O)O.O=C([O-])CCC(=O)C(=O)[O-]
20,NaN,H3ZPU1,Aromatic-amino-acid aminotransferase 2,Thermococcus litoralis (strain ATCC 51850 / DSM 5473 / JCM 8560 / NS-C) OX=523849,17.0,MNXR148016,-,2.6.1.57,1.0,0.0,0.21932,NaN,-1,0.219319,51.5,21.7,9.9,21.2,44104.87,4.9861,44.216,NC(N)=NCCC[C@H](N)C(=O)O.NCCCC(=O)O>>NC(N)=NCCCC(=O)O.NCCC[C@H](N)C(=O)O,[NH3+][C@@H](CCC(=O)[O-])C(=O)[O-].[*]CC(=O)C(=O)O>>[*]C[C@H](N)C(=O)O.O=C([O-])CCC(=O)C(=O)[O-]
21,NaN,Q86AG8,Aromatic amino acid aminotransferase DDB_G0272014,Dictyostelium discoideum OX=44689,18.0,MNXR148016,-,2.6.1.57,3.0,0.0,0.21932,NaN,-1,0.219319,41.3,23.2,20.9,18.1,55306.41,6.9430,49.688,NC(N)=NCCC[C@H](N)C(=O)O.NCCCC(=O)O>>NC(N)=NCCCC(=O)O.NCCC[C@H](N)C(=O)O,[NH3+][C@@H](CCC(=O)[O-])C(=O)[O-].[*]CC(=O)C(=O)O>>[*]C[C@H](N)C(=O)O.O=C([O-])CCC(=O)C(=O)[O-]
22,NaN,Q54K00,Aromatic amino acid aminotransferase DDB_G0287711,Dictyostelium discoideum OX=44689,18.0,MNXR148016,-,2.6.1.57,3.0,0.0,0.21932,NaN,-1,0.219319,32.3,29.2,19.1,23.1,49650.72,6.6361,50.455,NC(N)=NCCC[C@H](N)C(=O)O.NCCCC(=O)O>>NC(N)=NCCCC(=O)O.NCCC[C@H](N)C(=O)O,[NH3+][C@@H](CCC(=O)[O-])C(=O)[O-].[*]CC(=O)C(=O)O>>[*]C[C@H](N)C(=O)O.O=C([O-])CCC(=O)C(=O)[O-]
23,NaN,O14192,Aromatic amino acid aminotransferase C56E4.03,Schizosaccharomyces pombe (strain 972 / ATCC 24843) OX=284812,21.0,MNXR148016,-,2.6.1.57,3.0,0.0,0.21932,NaN,-1,0.219319,34.7,27.3,22.9,18.6,53166.66,6.1468,45.148,NC(N)=NCCC[C@H](N)C(=O)O.NCCCC(=O)O>>NC(N)=NCCCC(=O)O.NCCC[C@H](N)C(=O)O,[NH3+][C@@H](CCC(=O)[O-])C(=O)[O-].[*]CC(=O)C(=O)O>>[*]C[C@H](N)C(=O)O.O=C([O-])CCC(=O)C(=O)[O-]
24,NaN,Q9Y7S6,Aromatic amino acid aminotransferase C569.07,Schizosaccharomyces pombe (strain 972 / ATCC 24843) OX=284812,21.0,MNXR148016,-,2.6.1.57,3.0,0.0,0.21932,NaN,-1,0.219319,29.3,31.3,21.8,21.1,53613.66,6.9913,46.383,NC(N)=NCCC[C@H](N)C(=O)O.NCCCC(=O)O>>NC(N)=NCCCC(=O)O.NCCC[C@H](N)C(=O)O,[NH3+][C@@H](CCC(=O)[O-])C(=O)[O-].[*]CC(=O)C(=O)O>>[*]C[C@H](N)C(=O)O.O=C([O-])CCC(=O)C(=O)[O-]
25,NaN,O94570,Aromatic amino acid aminotransferase C1773.13,Schizosaccharomyces pombe (strain 972 / ATCC 24843) OX=284812,21.0,MNXR148016,-,2.6.1.57,3.0,0.0,0.21932,NaN,-1,0.219319,31.6,27.7,24.1,20.0,54755.60,7.1032,46.570,NC(N)=NCCC[C@H](N)C(=O)O.NCCCC(=O)O>>NC(N)=NCCCC(=O)O.NCCC[C@H](N)C(=O)O,[NH3+][C@@H](CCC(=O)[O-])C(=O)[O-].[*]CC(=O)C(=O)O>>[*]C[C@H](N)C(=O)O.O=C([O-])CCC(=O)C(=O)[O-]
26,NaN,P38840,Aromatic amino acid aminotransferase 2,Saccharomyces cerevisiae (strain ATCC 204508 / S288c) OX=559292,22.0,MNXR148016,-,2.6.1.57,1.0,0.0,0.21932,NaN,-1,0.219319,35.8,24.9,21.5,20.9,58527.61,5.1560,48.343,NC(N)=NCCC[C@H](N)C(=O)O.NCCCC(=O)O>>NC(N)=NCCCC(=O)O.NCCC[C@H](N)C(=O)O,[NH3+][C@@H](CCC(=O)[O-])C(=O)[O-].[*]CC(=O)C(=O)O>>[*]C[C@H](N)C(=O)O.O=C([O-])CCC(=O)C(=O)[O-]
27,NaN,P53090,Aromatic/aminoadipate aminotransferase 1,Saccharomyces cerevisiae (strain ATCC 204508 / S288c) OX=559292,22.0,MNXR148016,-,2.6.1.57,1.0,0.0,0.21932,NaN,-1,0.219319,28.9,26.0,22.9,25.4,56177.88,5.8578,45.800,NC(N)=NCCC[C@H](N)C(=O)O.NCCCC(=O)O>>NC(N)=NCCCC(=O)O.NCCC[C@H](N)C(=O)O,[NH3+][C@@H](CCC(=O)[O-])C(=O)[O-].[*]CC(=O)C(=O)O>>[*]C[C@H](N)C(=O)O.O=C([O-])CCC(=O)C(=O)[O-]
28,NaN,A0A1D8PPA8,NaN,Candida albicans,23.0,MNXR148016,-,2.6.1.57,NaN,0.0,0.21932,NaN,-1,0.219319,-,-,-,-,-,-,-,NC(N)=NCCC[C@H](N)C(=O)O.NCCCC(=O)O>>NC(N)=NCCCC(=O)O.NCCC[C@H](N)C(=O)O,[NH3+][C@@H](CCC(=O)[O-])C(=O)[O-].[*]CC(=O)C(=O)O>>[*]C[C@H](N)C(=O)O.O=C([O-])CCC(=O)C(=O)[O-]
29,NaN,A0A1D8PG20,NaN,Candida albicans,23.0,MNXR148016,-,2.6.1.57,NaN,0.0,0.21932,NaN,-1,0.219319,-,-,-,-,-,-,-,NC(N)=NCCC[C@H](N)C(=O)O.NCCCC(=O)O>>NC(N)=NCCCC(=O)O.NCCC[C@H](N)C(=O)O,[NH3+][C@@H](CCC(=O)[O-])C(=O)[O-].[*]CC(=O)C(=O)O>>[*]C[C@H](N)C(=O)O.O=C([O-])CCC(=O)C(=O)[O-]
30,NaN,A0A1D8PMC5,NaN,Candida albicans,23.0,MNXR148016,-,2.6.1.57,NaN,0.0,0.21932,NaN,-1,0.219319,-,-,-,-,-,-,-,NC(N)=NCCC[C@H](N)C(=O)O.NCCCC(=O)O>>NC(N)=NCCCC(=O)O.NCCC[C@H](N)C(=O)O,[NH3+][C@@H](CCC(=O)[O-])C(=O)[O-].[*]CC(=O)C(=O)O>>[*]C[C@H](N)C(=O)O.O=C([O-])CCC(=O)C(=O)[O-]
31,NaN,Q9C969,Aromatic aminotransferase ISS1,Arabidopsis thaliana OX=3702,29.0,MNXR148016,-,2.6.1.57,1.0,0.0,0.21932,NaN,-1,0.219319,39.9,28.0,17.5,18.8,43761.56,6.3193,40.355,NC(N)=NCCC[C@H](N)C(=O)O.NCCCC(=O)O>>NC(N)=NCCCC(=O)O.NCCC[C@H](N)C(=O)O,[NH3+][C@@H](CCC(=O)[O-])C(=O)[O-].[*]CC(=O)C(=O)O>>[*]C[C@H](N)C(=O)O.O=C([O-])CCC(=O)C(=O)[O-]
32,NaN,H7CE71,NaN,Rosa hybrid cultivar,30.0,MNXR148016,-,2.6.1.57,NaN,0.0,0.21932,NaN,-1,0.219319,-,-,-,-,-,-,-,NC(N)=NCCC[C@H](N)C(=O)O.NCCCC(=O)O>>NC(N)=NCCCC(=O)O.NCCC[C@H](N)C(=O)O,[NH3+][C@@H](CCC(=O)[O-])C(=O)[O-].[*]CC(=O)C(=O)O>>[*]C[C@H](N)C(=O)O.O=C([O-])CCC(=O)C(=O)[O-]
33,NaN,Q9RAT0,NaN,NaN,inf,MNXR148016,-,2.6.1.57,NaN,0.0,0.21932,NaN,-1,0.219319,-,-,-,-,-,-,-,NC(N)=NCCC[C@H](N)C(=O)O.NCCCC(=O)O>>NC(N)=NCCCC(=O)O.NCCC[C@H](N)C(=O)O,[NH3+][C@@H](CCC(=O)[O-])C(=O)[O-].[*]CC(=O)C(=O)O>>[*]C[C@H](N)C(=O)O.O=C([O-])CCC(=O)C(=O)[O-]
34,NaN,Q2L4H3,L-glutamyl-[BtrI acyl-carrier protein] decarboxylase,Niallia circulans OX=1397,15.0,MNXR112398,-,4.1.1.95,1.0,0.0,0.20131,NaN,1,0.201311,35.0,29.6,19.9,19.4,47815.55,6.5880,44.393,NC(N)=NCCC[C@H](N)C(=O)O.NCCCC(=O)O>>NC(N)=NCCCC(=O)O.NCCC[C@H](N)C(=O)O,[*]SC(=O)CC[C@H](N)C(=O)O>>O=C=O.[*]SC(=O)CCCN
35,NaN,Q08BT9,N-fatty-acyl-amino acid synthase/hydrolase PM20D1,Xenopus tropicalis OX=8364,33.0,MNXR113946,-,3.5.1.114,2.0,0.0,0.17576,NaN,-1,0.175760,33.9,28.6,15.3,25.4,56710.22,6.2024,44.922,NC(N)=NCCC[C@H](N)C(=O)O.NCCCC(=O)O>>NC(N)=NCCCC(=O)O.NCCC[C@H](N)C(=O)O,[*]C[C@H](NC([*])=O)C(=O)O>>[*]C[C@H](N)C(=O)O.[*]C(=O)[O-]
36,NaN,A0JMS7,N-acyl-aromatic-L-amino acid amidohydrolase (carboxylate-forming),Xenopus laevis OX=8355,33.0,MNXR113946,-,3.5.1.114,2.0,0.0,0.17576,NaN,-1,0.175760,36.7,26.0,20.4,22.5,34310.17,6.5710,46.885,NC(N)=NCCC[C@H](N)C(=O)O.NCCCC(=O)O>>NC(N)=NCCCC(=O)O.NCCC[C@H](N)C(=O)O,[*]C[C@H](NC([*])=O)C(=O)O>>[*]C[C@H](N)C(=O)O.[*]C(=O)[O-]
37,NaN,Q5BJ91,N-acyl-aromatic-L-amino acid amidohydrolase (carboxylate-forming),Xenopus tropicalis OX=8364,33.0,MNXR113946,-,3.5.1.114,2.0,0.0,0.17576,NaN,-1,0.175760,36.1,28.2,19.7,21.4,34724.36,5.8800,46.774,NC(N)=NCCC[C@H](N)C(=O)O.NCCCC(=O)O>>NC(N)=NCCCC(=O)O.NCCC[C@H](N)C(=O)O,[*]C[C@H](NC([*])=O)C(=O)O>>[*]C[C@H](N)C(=O)O.[*]C(=O)[O-]
38,NaN,Q08BB2,N-fatty-acyl-amino acid synthase/hydrolase PM20D1.2,Danio rerio OX=7955,37.0,MNXR113946,-,3.5.1.114,2.0,0.0,0.17576,NaN,-1,0.175760,26.1,28.1,19.0,30.0,58408.98,7.0402,44.828,NC(N)=NCCC[C@H](N)C(=O)O.NCCCC(=O)O>>NC(N)=NCCCC(=O)O.NCCC[C@H](N)C(=O)O,[*]C[C@H](NC([*])=O)C(=O)O>>[*]C[C@H](N)C(=O)O.[*]C(=O)[O-]
39,NaN,Q6DHQ3,N-acyl-aromatic-L-amino acid amidohydrolase (carboxylate-forming) B,Danio rerio OX=7955,37.0,MNXR113946,-,3.5.1.114,2.0,0.0,0.17576,NaN,-1,0.175760,31.9,27.9,22.1,23.5,35253.32,6.3470,46.178,NC(N)=NCCC[C@H](N)C(=O)O.NCCCC(=O)O>>NC(N)=NCCCC(=O)O.NCCC[C@H](N)C(=O)O,[*]C[C@H](NC([*])=O)C(=O)O>>[*]C[C@H](N)C(=O)O.[*]C(=O)[O-]
40,NaN,Q6DHI0,N-acyl-aromatic-L-amino acid amidohydrolase (carboxylate-forming) A,Danio rerio OX=7955,37.0,MNXR113946,-,3.5.1.114,2.0,0.0,0.17576,NaN,-1,0.175760,34.3,24.0,21.8,25.0,36793.96,5.4199,46.951,NC(N)=NCCC[C@H](N)C(=O)O.NCCCC(=O)O>>NC(N)=NCCCC(=O)O.NCCC[C@H](N)C(=O)O,[*]C[C@H](NC([*])=O)C(=O)O>>[*]C[C@H](N)C(=O)O.[*]C(=O)[O-]
41,NaN,Q32LT9,N-fatty-acyl-amino acid synthase/hydrolase PM20D1.1,Danio rerio OX=7955,37.0,MNXR113946,-,3.5.1.114,2.0,0.0,0.17576,NaN,-1,0.175760,28.9,28.3,18.8,27.3,57640.01,6.8078,44.660,NC(N)=NCCC[C@H](N)C(=O)O.NCCCC(=O)O>>NC(N)=NCCCC(=O)O.NCCC[C@H](N)C(=O)O,[*]C[C@H](NC([*])=O)C(=O)O>>[*]C[C@H](N)C(=O)O.[*]C(=O)[O-]
42,NaN,Q2T9M7,N-fatty-acyl-amino acid synthase/hydrolase PM20D1,Bos taurus OX=9913,37.0,MNXR113946,-,3.5.1.114,2.0,0.0,0.17576,NaN,-1,0.175760,31.8,29.2,18.7,23.6,55785.25,6.5800,42.744,NC(N)=NCCC[C@H](N)C(=O)O.NCCCC(=O)O>>NC(N)=NCCCC(=O)O.NCCC[C@H](N)C(=O)O,[*]C[C@H](NC([*])=O)C(=O)O>>[*]C[C@H](N)C(=O)O.[*]C(=O)[O-]
43,NaN,Q5M876,N-acyl-aromatic-L-amino acid amidohydrolase (carboxylate-forming),Rattus norvegicus OX=10116,38.0,MNXR113946,-,3.5.1.114,1.0,0.0,0.17576,NaN,-1,0.175760,24.4,29.0,21.5,30.4,35419.32,5.3713,43.260,NC(N)=NCCC[C@H](N)C(=O)O.NCCCC(=O)O>>NC(N)=NCCCC(=O)O.NCCC[C@H](N)C(=O)O,[*]C[C@H](NC([*])=O)C(=O)O>>[*]C[C@H](N)C(=O)O.[*]C(=O)[O-]
44,NaN,Q8C165,N-fatty-acyl-amino acid synthase/hydrolase PM20D1,Mus musculus OX=10090,39.0,MNXR113946,-,3.5.1.114,1.0,0.0,0.17576,NaN,-1,0.175760,36.3,25.1,17.0,24.8,55663.05,6.4121,43.141,NC(N)=NCCC[C@H](N)C(=O)O.NCCCC(=O)O>>NC(N)=NCCCC(=O)O.NCCC[C@H](N)C(=O)O,[*]C[C@H](NC([*])=O)C(=O)O>>[*]C[C@H](N)C(=O)O.[*]C(=O)[O-]
45,NaN,Q91XE4,N-acyl-aromatic-L-amino acid amidohydrolase (carboxylate-forming),Mus musculus OX=10090,39.0,MNXR113946,-,3.5.1.114,1.0,0.0,0.17576,NaN,-1,0.175760,26.8,28.5,23.2,26.8,35286.19,5.1814,42.767,NC(N)=NCCC[C@H](N)C(=O)O.NCCCC(=O)O>>NC(N)=NCCCC(=O)O.NCCC[C@H](N)C(=O)O,[*]C[C@H](NC([*])=O)C(=O)O>>[*]C[C@H](N)C(=O)O.[*]C(=O)[O-]
46,NaN,Q6GTS8,N-fatty-acyl-amino acid synthase/hydrolase PM20D1,Homo sapiens OX=9606,39.0,MNXR113946,-,3.5.1.114,1.0,0.0,0.17576,NaN,-1,0.175760,29.0,31.5,15.2,27.6,55741.27,6.6568,44.024,NC(N)=NCCC[C@H](N)C(=O)O.NCCCC(=O)O>>NC(N)=NCCCC(=O)O.NCCC[C@H](N)C(=O)O,[*]C[C@H](NC([*])=O)C(=O)O>>[*]C[C@H](N)C(=O)O.[*]C(=O)[O-]
47,NaN,Q96HD9,N-acyl-aromatic-L-amino acid amidohydrolase (carboxylate-forming),Homo sapiens OX=9606,39.0,MNXR113946,-,3.5.1.114,1.0,0.0,0.17576,NaN,-1,0.175760,29.7,24.4,20.8,30.4,35240.94,5.7738,42.006,NC(N)=NCCC[C@H](N)C(=O)O.NCCCC(=O)O>>NC(N)=NCCCC(=O)O.NCCC[C@H](N)C(=O)O,[*]C[C@H](NC([*])=O)C(=O)O>>[*]C[C@H](N)C(=O)O.[*]C(=O)[O-]
48,NaN,Q5ZL18,N-fatty-acyl-amino acid synthase/hydrolase PM20D1,Gallus gallus OX=9031,41.0,MNXR113946,-,3.5.1.114,2.0,0.0,0.17576,NaN,-1,0.175760,39.3,25.5,16.4,22.0,57161.86,7.4256,42.747,NC(N)=NCCC[C@H](N)C(=O)O.NCCCC(=O)O>>NC(N)=NCCCC(=O)O.NCCC[C@H](N)C(=O)O,[*]C[C@H](NC([*])=O)C(=O)O>>[*]C[C@H](N)C(=O)O.[*]C(=O)[O-]
49,NaN,Q8MT58,NaN,Drosophila melanogaster,42.0,MNXR148461,-,3.4.13.18;3.4.13.4,NaN,0.0,0.21959,0.107163,1,0.163378,-,-,-,-,-,-,-,NC(N)=NCCC[C@H](N)C(=O)O.NCCCC(=O)O>>NC(N)=NCCCC(=O)O.NCCC[C@H](N)C(=O)O,NC(=[NH2+])NCCC[C@H](NC(=O)CC[NH3+])C(=O)[O-]>>N=C(N)NCCCC(N)C(=O)O.[NH3+]CCC(=O)[O-].[H+]
50,NaN,B1XEN9,Probable cytosol aminopeptidase,Escherichia coli (strain K12 / DH10B) OX=316385,2.0,MNXR149048,-,3.4.11.1;3.4.11.2;3.4.11.23;3.4.13.-,3.0,0.0,0.16222,NaN,-1,0.162224,40.7,25.3,16.6,20.7,54879.81,7.2492,43.738,NC(N)=NCCC[C@H](N)C(=O)O.NCCCC(=O)O>>NC(N)=NCCCC(=O)O.NCCC[C@H](N)C(=O)O,[*]SC[C@H]([NH3+])C(=O)NCC(=O)[O-]>>[NH3+]CC(=O)[O-].[*]SC[C@H](N)C(=O)O
51,NaN,C4ZX98,Peptidase B,Escherichia coli (strain K12 / MC4100 / BW2952) OX=595496,2.0,MNXR149048,-,3.4.11.1;3.4.11.2;3.4.11.23;3.4.13.-,3.0,0.0,0.16222,NaN,-1,0.162224,36.5,26.5,19.7,21.2,46180.17,5.6975,43.091,NC(N)=NCCC[C@H](N)C(=O)O.NCCCC(=O)O>>NC(N)=NCCCC(=O)O.NCCC[C@H](N)C(=O)O,[*]SC[C@H]([NH3+])C(=O)NCC(=O)[O-]>>[NH3+]CC(=O)[O-].[*]SC[C@H](N)C(=O)O
52,NaN,B7MYF7,Peptidase B,Escherichia coli O81 (strain ED1a) OX=585397,3.0,MNXR149048,-,3.4.11.1;3.4.11.2;3.4.11.23;3.4.13.-,3.0,0.0,0.16222,NaN,-1,0.162224,36.5,27.0,19.0,21.4,46227.21,5.4783,42.857,NC(N)=NCCC[C@H](N)C(=O)O.NCCCC(=O)O>>NC(N)=NCCCC(=O)O.NCCC[C@H](N)C(=O)O,[*]SC[C@H]([NH3+])C(=O)NCC(=O)[O-]>>[NH3+]CC(=O)[O-].[*]SC[C@H](N)C(=O)O
53,NaN,A1AJG3,Probable cytosol aminopeptidase,Escherichia coli O1:K1 / APEC OX=405955,3.0,MNXR149048,-,3.4.11.1;3.4.11.2;3.4.11.23;3.4.13.-,3.0,0.0,0.16222,NaN,-1,0.162224,40.7,25.3,16.6,20.7,54879.81,7.2492,43.738,NC(N)=NCCC[C@H](N)C(=O)O.NCCCC(=O)O>>NC(N)=NCCCC(=O)O.NCCC[C@H](N)C(=O)O,[*]SC[C@H]([NH3+])C(=O)NCC(=O)[O-]>>[NH3+]CC(=O)[O-].[*]SC[C@H](N)C(=O)O
54,NaN,Q1R2Z4,Probable cytosol aminopeptidase,Escherichia coli (strain UTI89 / UPEC) OX=364106,3.0,MNXR149048,-,3.4.11.1;3.4.11.2;3.4.11.23;3.4.13.-,3.0,0.0,0.16222,NaN,-1,0.162224,40.7,25.3,16.6,20.7,54879.81,7.2492,43.738,NC(N)=NCCC[C@H](N)C(=O)O.NCCCC(=O)O>>NC(N)=NCCCC(=O)O.NCCC[C@H](N)C(=O)O,[*]SC[C@H]([NH3+])C(=O)NCC(=O)[O-]>>[NH3+]CC(=O)[O-].[*]SC[C@H](N)C(=O)O
55,NaN,B7NGJ2,Probable cytosol aminopeptidase,Escherichia coli O17:K52:H18 (strain UMN026 / ExPEC) OX=585056,3.0,MNXR149048,-,3.4.11.1;3.4.11.2;3.4.11.23;3.4.13.-,3.0,0.0,0.16222,NaN,-1,0.162224,40.7,25.3,16.6,20.7,54879.81,7.2492,43.738,NC(N)=NCCC[C@H](N)C(=O)O.NCCCC(=O)O>>NC(N)=NCCCC(=O)O.NCCC[C@H](N)C(=O)O,[*]SC[C@H]([NH3+])C(=O)NCC(=O)[O-]>>[NH3+]CC(=O)[O-].[*]SC[C@H](N)C(=O)O
56,NaN,B7NUH4,Probable cytosol aminopeptidase,Escherichia coli O7:K1 (strain IAI39 / ExPEC) OX=585057,3.0,MNXR149048,-,3.4.11.1;3.4.11.2;3.4.11.23;3.4.13.-,3.0,0.0,0.16222,NaN,-1,0.162224,40.7,25.3,16.6,20.7,54879.81,7.2492,43.738,NC(N)=NCCC[C@H](N)C(=O)O.NCCCC(=O)O>>NC(N)=NCCCC(=O)O.NCCC[C@H](N)C(=O)O,[*]SC[C@H]([NH3+])C(=O)NCC(=O)[O-]>>[NH3+]CC(=O)[O-].[*]SC[C@H](N)C(=O)O
57,NaN,A8A329,Peptidase B,Escherichia coli O9:H4 (strain HS) OX=331112,3.0,MNXR149048,-,3.4.11.1;3.4.11.2;3.4.11.23;3.4.13.-,3.0,0.0,0.16222,NaN,-1,0.162224,37.0,26.3,19.0,21.7,46210.15,5.4783,43.326,NC(N)=NCCC[C@H](N)C(=O)O.NCCCC(=O)O>>NC(N)=NCCCC(=O)O.NCCC[C@H](N)C(=O)O,[*]SC[C@H]([NH3+])C(=O)NCC(=O)[O-]>>[NH3+]CC(=O)[O-].[*]SC[C@H](N)C(=O)O
58,NaN,B7MLR5,Probable cytosol aminopeptidase,Escherichia coli O45:K1 (strain S88 / ExPEC) OX=585035,3.0,MNXR149048,-,3.4.11.1;3.4.11.2;3.4.11.23;3.4.13.-,3.0,0.0,0.16222,NaN,-1,0.162224,40.7,25.3,16.6,20.7,54879.81,7.2492,43.738,NC(N)=NCCC[C@H](N)C(=O)O.NCCCC(=O)O>>NC(N)=NCCCC(=O)O.NCCC[C@H](N)C(=O)O,[*]SC[C@H]([NH3+])C(=O)NCC(=O)[O-]>>[NH3+]CC(=O)[O-].[*]SC[C@H](N)C(=O)O
59,NaN,P68766,Cytosol aminopeptidase,Escherichia coli O6:H1 (strain CFT073 / ATCC 700928 / UPEC) OX=199310,3.0,MNXR149048,-,3.4.11.1;3.4.11.2;3.4.11.23;3.4.13.-,3.0,0.0,0.16222,NaN,-1,0.162224,40.7,25.3,16.6,20.7,54879.81,7.2492,43.738,NC(N)=NCCC[C@H](N)C(=O)O.NCCCC(=O)O>>NC(N)=NCCCC(=O)O.NCCC[C@H](N)C(=O)O,[*]SC[C@H]([NH3+])C(=O)NCC(=O)[O-]>>[NH3+]CC(=O)[O-].[*]SC[C@H](N)C(=O)O
60,NaN,Q1R8K9,Peptidase B,Escherichia coli (strain UTI89 / UPEC) OX=364106,3.0,MNXR149048,-,3.4.11.1;3.4.11.2;3.4.11.23;3.4.13.-,3.0,0.0,0.16222,NaN,-1,0.162224,36.7,26.8,19.0,21.4,46231.20,5.4783,43.091,NC(N)=NCCC[C@H](N)C(=O)O.NCCCC(=O)O>>NC(N)=NCCCC(=O)O.NCCC[C@H](N)C(=O)O,[*]SC[C@H]([NH3+])C(=O)NCC(=O)[O-]>>[NH3+]CC(=O)[O-].[*]SC[C@H](N)C(=O)O
61,NaN,B7UQR7,Probable cytosol aminopeptidase,Escherichia coli O127:H6 (strain E2348/69 / EPEC) OX=574521,4.0,MNXR149048,-,3.4.11.1;3.4.11.2;3.4.11.23;3.4.13.-,3.0,0.0,0.16222,NaN,-1,0.162224,40.7,25.3,16.6,20.7,54879.81,7.2492,43.738,NC(N)=NCCC[C@H](N)C(=O)O.NCCCC(=O)O>>NC(N)=NCCCC(=O)O.NCCC[C@H](N)C(=O)O,[*]SC[C@H]([NH3+])C(=O)NCC(=O)[O-]>>[NH3+]CC(=O)[O-].[*]SC[C@H](N)C(=O)O
62,NaN,B2TXU8,Peptidase B,Shigella boydii serotype 18 (strain CDC 3083-94 / BS512) OX=344609,7.0,MNXR149048,-,3.4.11.1;3.4.11.2;3.4.11.23;3.4.13.-,3.0,0.0,0.16222,NaN,-1,0.162224,36.0,26.5,19.2,22.1,46240.18,5.4783,43.560,NC(N)=NCCC[C@H](N)C(=O)O.NCCCC(=O)O>>NC(N)=NCCCC(=O)O.NCCC[C@H](N)C(=O)O,[*]SC[C@H]([NH3+])C(=O)NCC(=O)[O-]>>[NH3+]CC(=O)[O-].[*]SC[C@H](N)C(=O)O
63,NaN,A8AMA5,Probable cytosol aminopeptidase,Citrobacter koseri (strain ATCC BAA-895 / CDC 4225-83 / SGSC4696) OX=290338,7.0,MNXR149048,-,3.4.11.1;3.4.11.2;3.4.11.23;3.4.13.-,3.0,0.0,0.16222,NaN,-1,0.162224,38.6,27.1,17.2,20.3,54882.80,7.2833,43.936,NC(N)=NCCC[C@H](N)C(=O)O.NCCCC(=O)O>>NC(N)=NCCCC(=O)O.NCCC[C@H](N)C(=O)O,[*]SC[C@H]([NH3+])C(=O)NCC(=O)[O-]>>[NH3+]CC(=O)[O-].[*]SC[C@H](N)C(=O)O
64,NaN,A9MHK1,Peptidase B,Salmonella arizonae (strain ATCC BAA-731 / CDC346-86 / RSK2980) OX=41514,8.0,MNXR149048,-,3.4.11.1;3.4.11.2;3.4.11.23;3.4.13.-,3.0,0.0,0.16222,NaN,-1,0.162224,34.3,28.5,20.2,20.9,46365.30,5.1423,43.091,NC(N)=NCCC[C@H](N)C(=O)O.NCCCC(=O)O>>NC(N)=NCCCC(=O)O.NCCC[C@H](N)C(=O)O,[*]SC[C@H]([NH3+])C(=O)NCC(=O)[O-]>>[NH3+]CC(=O)[O-].[*]SC[C@H](N)C(=O)O
65,NaN,B5XNK4,Peptidase B,Klebsiella pneumoniae (strain 342) OX=507522,8.0,MNXR149048,-,3.4.11.1;3.4.11.2;3.4.11.23;3.4.13.-,3.0,0.0,0.16222,NaN,-1,0.162224,40.8,27.2,18.2,17.7,46217.12,5.8572,42.991,NC(N)=NCCC[C@H](N)C(=O)O.NCCCC(=O)O>>NC(N)=NCCCC(=O)O.NCCC[C@H](N)C(=O)O,[*]SC[C@H]([NH3+])C(=O)NCC(=O)[O-]>>[NH3+]CC(=O)[O-].[*]SC[C@H](N)C(=O)O
66,NaN,Q8Z116,Probable cytosol aminopeptidase,Salmonella typhi OX=90370,8.0,MNXR149048,-,3.4.11.1;3.4.11.2;3.4.11.23;3.4.13.-,3.0,0.0,0.16222,NaN,-1,0.162224,38.4,26.5,17.5,20.9,54947.89,7.2497,43.936,NC(N)=NCCC[C@H](N)C(=O)O.NCCCC(=O)O>>NC(N)=NCCCC(=O)O.NCCC[C@H](N)C(=O)O,[*]SC[C@H]([NH3+])C(=O)NCC(=O)[O-]>>[NH3+]CC(=O)[O-].[*]SC[C@H](N)C(=O)O
67,NaN,C0Q7D6,Probable cytosol aminopeptidase,Salmonella paratyphi C (strain RKS4594) OX=476213,9.0,MNXR149048,-,3.4.11.1;3.4.11.2;3.4.11.23;3.4.13.-,3.0,0.0,0.16222,NaN,-1,0.162224,38.2,26.5,17.2,21.4,54889.81,7.2496,43.738,NC(N)=NCCC[C@H](N)C(=O)O.NCCCC(=O)O>>NC(N)=NCCCC(=O)O.NCCC[C@H](N)C(=O)O,[*]SC[C@H]([NH3+])C(=O)NCC(=O)[O-]>>[NH3+]CC(=O)[O-].[*]SC[C@H](N)C(=O)O
68,NaN,Q2NR41,Probable cytosol aminopeptidase,Sodalis glossinidius (strain morsitans) OX=343509,9.0,MNXR149048,-,3.4.11.1;3.4.11.2;3.4.11.23;3.4.13.-,3.0,0.0,0.16222,NaN,-1,0.162224,41.3,25.1,17.7,19.3,54651.64,6.9809,43.340,NC(N)=NCCC[C@H](N)C(=O)O.NCCCC(=O)O>>NC(N)=NCCCC(=O)O.NCCC[C@H](N)C(=O)O,[*]SC[C@H]([NH3+])C(=O)NCC(=O)[O-]>>[NH3+]CC(=O)[O-].[*]SC[C@H](N)C(=O)O
69,NaN,B8D9F2,Probable cytosol aminopeptidase,Buchnera aphidicola subsp. Acyrthosiphon pisum (strain 5A) OX=563178,9.0,MNXR149048,-,3.4.11.1;3.4.11.2;3.4.11.23;3.4.13.-,3.0,0.0,0.16222,NaN,-1,0.162224,42.2,28.4,17.8,14.9,55283.43,9.0968,46.092,NC(N)=NCCC[C@H](N)C(=O)O.NCCCC(=O)O>>NC(N)=NCCCC(=O)O.NCCC[C@H](N)C(=O)O,[*]SC[C@H]([NH3+])C(=O)NCC(=O)[O-]>>[NH3+]CC(=O)[O-].[*]SC[C@H](N)C(=O)O
70,NaN,A9N680,Probable cytosol aminopeptidase,Salmonella paratyphi B (strain ATCC BAA-1250 / SPB7) OX=1016998,9.0,MNXR149048,-,3.4.11.1;3.4.11.2;3.4.11.23;3.4.13.-,3.0,0.0,0.16222,NaN,-1,0.162224,38.2,26.5,17.2,21.4,54889.81,7.2496,43.738,NC(N)=NCCC[C@H](N)C(=O)O.NCCCC(=O)O>>NC(N)=NCCCC(=O)O.NCCC[C@H](N)C(=O)O,[*]SC[C@H]([NH3+])C(=O)NCC(=O)[O-]>>[NH3+]CC(=O)[O-].[*]SC[C@H](N)C(=O)O
71,NaN,Q8D295,Probable cytosol aminopeptidase,Wigglesworthia glossinidia brevipalpis OX=36870,9.0,MNXR149048,-,3.4.11.1;3.4.11.2;3.4.11.23;3.4.13.-,3.0,0.0,0.16222,NaN,-1,0.162224,30.7,35.3,22.7,14.6,56642.98,9.8106,47.904,NC(N)=NCCC[C@H](N)C(=O)O.NCCCC(=O)O>>NC(N)=NCCCC(=O)O.NCCC[C@H](N)C(=O)O,[*]SC[C@H]([NH3+])C(=O)NCC(=O)[O-]>>[NH3+]CC(=O)[O-].[*]SC[C@H](N)C(=O)O
72,NaN,B4F2N1,Probable cytosol aminopeptidase,Proteus mirabilis (strain HI4320) OX=529507,9.0,MNXR149048,-,3.4.11.1;3.4.11.2;3.4.11.23;3.4.13.-,3.0,0.0,0.16222,NaN,-1,0.162224,39.3,27.0,14.8,22.2,54856.75,6.5986,44.223,NC(N)=NCCC[C@H](N)C(=O)O.NCCCC(=O)O>>NC(N)=NCCCC(=O)O.NCCC[C@H](N)C(=O)O,[*]SC[C@H]([NH3+])C(=O)NCC(=O)[O-]>>[NH3+]CC(=O)[O-].[*]SC[C@H](N)C(=O)O
73,NaN,B5FR78,Peptidase B,Salmonella dublin (strain CT_02021853) OX=439851,9.0,MNXR149048,-,3.4.11.1;3.4.11.2;3.4.11.23;3.4.13.-,3.0,0.0,0.16222,NaN,-1,0.162224,35.3,28.5,20.7,19.5,46368.43,5.1582,42.857,NC(N)=NCCC[C@H](N)C(=O)O.NCCCC(=O)O>>NC(N)=NCCCC(=O)O.NCCC[C@H](N)C(=O)O,[*]SC[C@H]([NH3+])C(=O)NCC(=O)[O-]>>[NH3+]CC(=O)[O-].[*]SC[C@H](N)C(=O)O
74,NaN,Q57GC3,Probable cytosol aminopeptidase,Salmonella choleraesuis (strain SC-B67) OX=321314,9.0,MNXR149048,-,3.4.11.1;3.4.11.2;3.4.11.23;3.4.13.-,3.0,0.0,0.16222,NaN,-1,0.162224,38.2,26.5,17.2,21.4,54889.81,7.2496,43.738,NC(N)=NCCC[C@H](N)C(=O)O.NCCCC(=O)O>>NC(N)=NCCCC(=O)O.NCCC[C@H](N)C(=O)O,[*]SC[C@H]([NH3+])C(=O)NCC(=O)[O-]>>[NH3+]CC(=O)[O-].[*]SC[C@H](N)C(=O)O
75,NaN,Q9RF52,Peptidase B,Salmonella typhimurium (strain LT2 / SGSC1412 / ATCC 700720) OX=99287,9.0,MNXR149048,-,3.4.11.1;3.4.11.2;3.4.11.23;3.4.13.-,1.0,0.0,0.16222,NaN,-1,0.162224,33.6,29.9,20.4,20.0,46355.39,5.2921,43.091,NC(N)=NCCC[C@H](N)C(=O)O.NCCCC(=O)O>>NC(N)=NCCCC(=O)O.NCCC[C@H](N)C(=O)O,[*]SC[C@H]([NH3+])C(=O)NCC(=O)[O-]>>[NH3+]CC(=O)[O-].[*]SC[C@H](N)C(=O)O
76,NaN,Q5PJD4,Probable cytosol aminopeptidase,Salmonella paratyphi A (strain ATCC 9150 / SARB42) OX=295319,9.0,MNXR149048,-,3.4.11.1;3.4.11.2;3.4.11.23;3.4.13.-,3.0,0.0,0.16222,NaN,-1,0.162224,38.2,26.5,17.2,21.4,54889.81,7.2496,43.738,NC(N)=NCCC[C@H](N)C(=O)O.NCCCC(=O)O>>NC(N)=NCCCC(=O)O.NCCC[C@H](N)C(=O)O,[*]SC[C@H]([NH3+])C(=O)NCC(=O)[O-]>>[NH3+]CC(=O)[O-].[*]SC[C@H](N)C(=O)O
77,NaN,B2VL42,Probable cytosol aminopeptidase,Erwinia tasmaniensis (strain DSM 17950 / CFBP 7177 / CIP 109463 / NCPPB 4357 / Et1/99) OX=465817,9.0,MNXR149048,-,3.4.11.1;3.4.11.2;3.4.11.23;3.4.13.-,3.0,0.0,0.16222,NaN,-1,0.162224,40.9,25.1,17.2,20.1,54645.54,7.2109,43.141,NC(N)=NCCC[C@H](N)C(=O)O.NCCCC(=O)O>>NC(N)=NCCCC(=O)O.NCCC[C@H](N)C(=O)O,[*]SC[C@H]([NH3+])C(=O)NCC(=O)[O-]>>[NH3+]CC(=O)[O-].[*]SC[C@H](N)C(=O)O
78,NaN,Q8ZK29,Probable cytosol aminopeptidase,Salmonella typhimurium (strain LT2 / SGSC1412 / ATCC 700720) OX=99287,9.0,MNXR149048,-,3.4.11.1;3.4.11.2;3.4.11.23;3.4.13.-,3.0,0.0,0.16222,NaN,-1,0.162224,38.2,26.5,17.2,21.4,54889.81,7.2496,43.738,NC(N)=NCCC[C@H](N)C(=O)O.NCCCC(=O)O>>NC(N)=NCCCC(=O)O.NCCC[C@H](N)C(=O)O,[*]SC[C@H]([NH3+])C(=O)NCC(=O)[O-]>>[NH3+]CC(=O)[O-].[*]SC[C@H](N)C(=O)O
79,NaN,A7FFX8,Peptidase B,Yersinia pseudotuberculosis serotype O:1b (strain IP 31758) OX=349747,10.0,MNXR149048,-,3.4.11.1;3.4.11.2;3.4.11.23;3.4.13.-,3.0,0.0,0.16222,NaN,-1,0.162224,44.7,25.7,14.9,18.5,46517.50,5.6354,43.287,NC(N)=NCCC[C@H](N)C(=O)O.NCCCC(=O)O>>NC(N)=NCCCC(=O)O.NCCC[C@H](N)C(=O)O,[*]SC[C@H]([NH3+])C(=O)NCC(=O)[O-]>>[NH3+]CC(=O)[O-].[*]SC[C@H](N)C(=O)O
80,NaN,A9R5F5,Probable cytosol aminopeptidase,Yersinia pestis bv. Antiqua (strain Angola) OX=349746,10.0,MNXR149048,-,3.4.11.1;3.4.11.2;3.4.11.23;3.4.13.-,3.0,0.0,0.16222,NaN,-1,0.162224,37.6,26.7,17.5,21.6,54796.74,7.4971,43.936,NC(N)=NCCC[C@H](N)C(=O)O.NCCCC(=O)O>>NC(N)=NCCCC(=O)O.NCCC[C@H](N)C(=O)O,[*]SC[C@H]([NH3+])C(=O)NCC(=O)[O-]>>[NH3+]CC(=O)[O-].[*]SC[C@H](N)C(=O)O
81,NaN,Q66F09,Probable cytosol aminopeptidase,Yersinia pseudotuberculosis serotype I (strain IP32953) OX=273123,10.0,MNXR149048,-,3.4.11.1;3.4.11.2;3.4.11.23;3.4.13.-,3.0,0.0,0.16222,NaN,-1,0.162224,37.6,26.7,17.5,21.6,54796.74,7.4971,43.936,NC(N)=NCCC[C@H](N)C(=O)O.NCCCC(=O)O>>NC(N)=NCCCC(=O)O.NCCC[C@H](N)C(=O)O,[*]SC[C@H]([NH3+])C(=O)NCC(=O)[O-]>>[NH3+]CC(=O)[O-].[*]SC[C@H](N)C(=O)O
82,NaN,A4TMU7,Peptidase B,Yersinia pestis (strain Pestoides F) OX=386656,10.0,MNXR149048,-,3.4.11.1;3.4.11.2;3.4.11.23;3.4.13.-,3.0,0.0,0.16222,NaN,-1,0.162224,44.7,25.7,14.7,18.8,46530.54,5.8521,43.287,NC(N)=NCCC[C@H](N)C(=O)O.NCCCC(=O)O>>NC(N)=NCCCC(=O)O.NCCC[C@H](N)C(=O)O,[*]SC[C@H]([NH3+])C(=O)NCC(=O)[O-]>>[NH3+]CC(=O)[O-].[*]SC[C@H](N)C(=O)O
83,NaN,Q7N231,Peptidase B,Photorhabdus laumondii subsp. laumondii (strain DSM 15139 / CIP 105565 / TT01) OX=243265,10.0,MNXR149048,-,3.4.11.1;3.4.11.2;3.4.11.23;3.4.13.-,3.0,0.0,0.16222,NaN,-1,0.162224,47.5,22.7,14.9,18.8,46534.11,7.2904,42.923,NC(N)=NCCC[C@H](N)C(=O)O.NCCCC(=O)O>>NC(N)=NCCCC(=O)O.NCCC[C@H](N)C(=O)O,[*]SC[C@H]([NH3+])C(=O)NCC(=O)[O-]>>[NH3+]CC(=O)[O-].[*]SC[C@H](N)C(=O)O
84,NaN,Q6FFD8,Probable cytosol aminopeptidase,Acinetobacter baylyi (strain ATCC 33305 / BD413 / ADP1) OX=62977,11.0,MNXR149048,-,3.4.11.1;3.4.11.2;3.4.11.23;3.4.13.-,3.0,0.0,0.16222,NaN,-1,0.162224,36.7,32.0,12.9,21.9,52316.91,4.7941,43.154,NC(N)=NCCC[C@H](N)C(=O)O.NCCCC(=O)O>>NC(N)=NCCCC(=O)O.NCCC[C@H](N)C(=O)O,[*]SC[C@H]([NH3+])C(=O)NCC(=O)[O-]>>[NH3+]CC(=O)[O-].[*]SC[C@H](N)C(=O)O
85,NaN,Q488M4,Probable cytosol aminopeptidase,Colwellia psychrerythraea (strain 34H / ATCC BAA-681) OX=167879,11.0,MNXR149048,-,3.4.11.1;3.4.11.2;3.4.11.23;3.4.13.-,3.0,0.0,0.16222,NaN,-1,0.162224,40.2,22.7,18.4,22.1,54445.99,5.2708,44.711,NC(N)=NCCC[C@H](N)C(=O)O.NCCCC(=O)O>>NC(N)=NCCCC(=O)O.NCCC[C@H](N)C(=O)O,[*]SC[C@H]([NH3+])C(=O)NCC(=O)[O-]>>[NH3+]CC(=O)[O-].[*]SC[C@H](N)C(=O)O
86,NaN,Q0VSA5,Probable cytosol aminopeptidase,Alcanivorax borkumensis (strain ATCC 700651 / DSM 11573 / NCIMB 13689 / SK2) OX=393595,11.0,MNXR149048,-,3.4.11.1;3.4.11.2;3.4.11.23;3.4.13.-,3.0,0.0,0.16222,NaN,-1,0.162224,42.1,22.4,16.7,22.2,52500.88,6.9083,43.763,NC(N)=NCCC[C@H](N)C(=O)O.NCCCC(=O)O>>NC(N)=NCCCC(=O)O.NCCC[C@H](N)C(=O)O,[*]SC[C@H]([NH3+])C(=O)NCC(=O)[O-]>>[NH3+]CC(=O)[O-].[*]SC[C@H](N)C(=O)O
87,NaN,B6EMT2,Probable cytosol aminopeptidase,Aliivibrio salmonicida (strain LFI1238) OX=316275,11.0,MNXR149048,-,3.4.11.1;3.4.11.2;3.4.11.23;3.4.13.-,3.0,0.0,0.16222,NaN,-1,0.162224,33.5,28.8,17.1,23.9,54605.39,7.2489,46.016,NC(N)=NCCC[C@H](N)C(=O)O.NCCCC(=O)O>>NC(N)=NCCCC(=O)O.NCCC[C@H](N)C(=O)O,[*]SC[C@H]([NH3+])C(=O)NCC(=O)[O-]>>[NH3+]CC(=O)[O-].[*]SC[C@H](N)C(=O)O
88,NaN,A8FS02,Probable cytosol aminopeptidase,Shewanella sediminis (strain HAW-EB3) OX=425104,11.0,MNXR149048,-,3.4.11.1;3.4.11.2;3.4.11.23;3.4.13.-,3.0,0.0,0.16222,NaN,-1,0.162224,39.9,23.5,15.6,24.3,54650.44,5.9022,44.422,NC(N)=NCCC[C@H](N)C(=O)O.NCCCC(=O)O>>NC(N)=NCCCC(=O)O.NCCC[C@H](N)C(=O)O,[*]SC[C@H]([NH3+])C(=O)NCC(=O)[O-]>>[NH3+]CC(=O)[O-].[*]SC[C@H](N)C(=O)O
89,NaN,Q8DEZ4,Peptidase B,Vibrio vulnificus (strain CMCP6) OX=216895,11.0,MNXR149048,-,3.4.11.1;3.4.11.2;3.4.11.23;3.4.13.-,3.0,0.0,0.16222,NaN,-1,0.162224,51.7,19.0,14.9,18.3,46670.94,4.9141,43.056,NC(N)=NCCC[C@H](N)C(=O)O.NCCCC(=O)O>>NC(N)=NCCCC(=O)O.NCCC[C@H](N)C(=O)O,[*]SC[C@H]([NH3+])C(=O)NCC(=O)[O-]>>[NH3+]CC(=O)[O-].[*]SC[C@H](N)C(=O)O
90,NaN,Q3JEC8,Probable cytosol aminopeptidase,Nitrosococcus oceani (strain ATCC 19707 / BCRC 17464 / JCM 30415 / NCIMB 11848 / C-107) OX=323261,11.0,MNXR149048,-,3.4.11.1;3.4.11.2;3.4.11.23;3.4.13.-,3.0,0.0,0.16222,NaN,-1,0.162224,44.5,24.7,14.6,19.4,54021.05,8.1222,43.713,NC(N)=NCCC[C@H](N)C(=O)O.NCCCC(=O)O>>NC(N)=NCCCC(=O)O.NCCC[C@H](N)C(=O)O,[*]SC[C@H]([NH3+])C(=O)NCC(=O)[O-]>>[NH3+]CC(=O)[O-].[*]SC[C@H](N)C(=O)O
91,NaN,B0U1L5,Probable cytosol aminopeptidase,Xylella fastidiosa (strain M12) OX=405440,11.0,MNXR149048,-,3.4.11.1;3.4.11.2;3.4.11.23;3.4.13.-,3.0,0.0,0.16222,NaN,-1,0.162224,42.7,27.8,14.5,18.3,51707.93,6.1909,39.715,NC(N)=NCCC[C@H](N)C(=O)O.NCCCC(=O)O>>NC(N)=NCCCC(=O)O.NCCC[C@H](N)C(=O)O,[*]SC[C@H]([NH3+])C(=O)NCC(=O)[O-]>>[NH3+]CC(=O)[O-].[*]SC[C@H](N)C(=O)O
92,NaN,Q6LUW0,Probable cytosol aminopeptidase,Photobacterium profundum (strain SS9) OX=298386,11.0,MNXR149048,-,3.4.11.1;3.4.11.2;3.4.11.23;3.4.13.-,3.0,0.0,0.16222,NaN,-1,0.162224,34.2,26.5,19.8,22.8,54481.41,6.9804,44.622,NC(N)=NCCC[C@H](N)C(=O)O.NCCCC(=O)O>>NC(N)=NCCCC(=O)O.NCCC[C@H](N)C(=O)O,[*]SC[C@H]([NH3+])C(=O)NCC(=O)[O-]>>[NH3+]CC(=O)[O-].[*]SC[C@H](N)C(=O)O
93,NaN,Q4QJN7,Probable cytosol aminopeptidase,Haemophilus influenzae (strain 86-028NP) OX=281310,11.0,MNXR149048,-,3.4.11.1;3.4.11.2;3.4.11.23;3.4.13.-,3.0,0.0,0.16222,NaN,-1,0.162224,45.9,25.1,13.1,19.4,53540.08,5.3666,45.418,NC(N)=NCCC[C@H](N)C(=O)O.NCCCC(=O)O>>NC(N)=NCCCC(=O)O.NCCC[C@H](N)C(=O)O,[*]SC[C@H]([NH3+])C(=O)NCC(=O)[O-]>>[NH3+]CC(=O)[O-].[*]SC[C@H](N)C(=O)O
94,NaN,Q87F32,Probable cytosol aminopeptidase,Xylella fastidiosa (strain Temecula1 / ATCC 700964) OX=183190,11.0,MNXR149048,-,3.4.11.1;3.4.11.2;3.4.11.23;3.4.13.-,3.0,0.0,0.16222,NaN,-1,0.162224,42.5,28.0,14.3,18.5,51668.94,6.3749,39.511,NC(N)=NCCC[C@H](N)C(=O)O.NCCCC(=O)O>>NC(N)=NCCCC(=O)O.NCCC[C@H](N)C(=O)O,[*]SC[C@H]([NH3+])C(=O)NCC(=O)[O-]>>[NH3+]CC(=O)[O-].[*]SC[C@H](N)C(=O)O
95,NaN,Q5QY05,Probable cytosol aminopeptidase,Idiomarina loihiensis (strain ATCC BAA-735 / DSM 15497 / L2-TR) OX=283942,11.0,MNXR149048,-,3.4.11.1;3.4.11.2;3.4.11.23;3.4.13.-,3.0,0.0,0.16222,NaN,-1,0.162224,44.7,23.7,16.3,18.6,54723.50,5.6857,44.112,NC(N)=NCCC[C@H](N)C(=O)O.NCCCC(=O)O>>NC(N)=NCCCC(=O)O.NCCC[C@H](N)C(=O)O,[*]SC[C@H]([NH3+])C(=O)NCC(=O)[O-]>>[NH3+]CC(=O)[O-].[*]SC[C@H](N)C(=O)O
96,NaN,A5IAU5,Probable cytosol aminopeptidase,Legionella pneumophila (strain Corby) OX=400673,11.0,MNXR149048,-,3.4.11.1;3.4.11.2;3.4.11.23;3.4.13.-,3.0,0.0,0.16222,NaN,-1,0.162224,44.5,24.8,15.0,19.1,52612.52,5.6773,44.306,NC(N)=NCCC[C@H](N)C(=O)O.NCCCC(=O)O>>NC(N)=NCCCC(=O)O.NCCC[C@H](N)C(=O)O,[*]SC[C@H]([NH3+])C(=O)NCC(=O)[O-]>>[NH3+]CC(=O)[O-].[*]SC[C@H](N)C(=O)O
97,NaN,Q086N8,Probable cytosol aminopeptidase,Shewanella frigidimarina (strain NCIMB 400) OX=318167,11.0,MNXR149048,-,3.4.11.1;3.4.11.2;3.4.11.23;3.4.13.-,3.0,0.0,0.16222,NaN,-1,0.162224,38.5,24.7,16.3,23.9,54809.76,6.0824,44.223,NC(N)=NCCC[C@H](N)C(=O)O.NCCCC(=O)O>>NC(N)=NCCCC(=O)O.NCCC[C@H](N)C(=O)O,[*]SC[C@H]([NH3+])C(=O)NCC(=O)[O-]>>[NH3+]CC(=O)[O-].[*]SC[C@H](N)C(=O)O
98,NaN,C3LR42,Probable cytosol aminopeptidase,Vibrio cholerae serotype O1 (strain M66-2) OX=579112,11.0,MNXR149048,-,3.4.11.1;3.4.11.2;3.4.11.23;3.4.13.-,3.0,0.0,0.16222,NaN,-1,0.162224,39.8,25.7,15.2,22.6,54617.75,6.7795,43.141,NC(N)=NCCC[C@H](N)C(=O)O.NCCCC(=O)O>>NC(N)=NCCCC(=O)O.NCCC[C@H](N)C(=O)O,[*]SC[C@H]([NH3+])C(=O)NCC(=O)[O-]>>[NH3+]CC(=O)[O-].[*]SC[C@H](N)C(=O)O
99,NaN,Q02RY8,Probable cytosol aminopeptidase,Pseudomonas aeruginosa (strain UCBPP-PA14) OX=208963,12.0,MNXR149048,-,3.4.11.1;3.4.11.2;3.4.11.23;3.4.13.-,3.0,0.0,0.16222,NaN,-1,0.162224,54.1,21.7,10.9,16.7,52317.56,8.9200,40.202,NC(N)=NCCC[C@H](N)C(=O)O.NCCCC(=O)O>>NC(N)=NCCCC(=O)O.NCCC[C@H](N)C(=O)O,[*]SC[C@H]([NH3+])C(=O)NCC(=O)[O-]>>[NH3+]CC(=O)[O-].[*]SC[C@H](N)C(=O)O
100,NaN,A7MSE5,Probable cytosol aminopeptidase,Vibrio campbellii (strain ATCC BAA-1116) OX=2902295,12.0,MNXR149048,-,3.4.11.1;3.4.11.2;3.4.11.23;3.4.13.-,3.0,0.0,0.16222,NaN,-1,0.162224,43.8,23.5,13.6,22.4,54562.54,6.9813,44.821,NC(N)=NCCC[C@H](N)C(=O)O.NCCCC(=O)O>>NC(N)=NCCCC(=O)O.NCCC[C@H](N)C(=O)O,[*]SC[C@H]([NH3+])C(=O)NCC(=O)[O-]>>[NH3+]CC(=O)[O-].[*]SC[C@H](N)C(=O)O
101,NaN,Q87LG8,Probable cytosol aminopeptidase,Vibrio parahaemolyticus serotype O3:K6 (strain RIMD 2210633) OX=223926,12.0,MNXR149048,-,3.4.11.1;3.4.11.2;3.4.11.23;3.4.13.-,3.0,0.0,0.16222,NaN,-1,0.162224,40.1,25.5,15.8,21.8,54478.42,7.2112,44.821,NC(N)=NCCC[C@H](N)C(=O)O.NCCCC(=O)O>>NC(N)=NCCCC(=O)O.NCCC[C@H](N)C(=O)O,[*]SC[C@H]([NH3+])C(=O)NCC(=O)[O-]>>[NH3+]CC(=O)[O-].[*]SC[C@H](N)C(=O)O
102,NaN,A0KPF3,Probable cytosol aminopeptidase,Aeromonas hydrophila subsp. hydrophila (strain ATCC 7966 / DSM 30187 / BCRC 13018 / CCUG 14551 / JCM 1027 / KCTC 2358 / NCIMB 9240 / NCTC 8049) OX=380703,12.0,MNXR149048,-,3.4.11.1;3.4.11.2;3.4.11.23;3.4.13.-,3.0,0.0,0.16222,NaN,-1,0.162224,41.2,25.9,15.4,20.8,54665.71,6.6760,43.426,NC(N)=NCCC[C@H](N)C(=O)O.NCCCC(=O)O>>NC(N)=NCCCC(=O)O.NCCC[C@H](N)C(=O)O,[*]SC[C@H]([NH3+])C(=O)NCC(=O)[O-]>>[NH3+]CC(=O)[O-].[*]SC[C@H](N)C(=O)O
103,NaN,B0RVI0,Probable cytosol aminopeptidase,Xanthomonas campestris pv. campestris (strain B100) OX=509169,12.0,MNXR149048,-,3.4.11.1;3.4.11.2;3.4.11.23;3.4.13.-,3.0,0.0,0.16222,NaN,-1,0.162224,43.2,29.4,11.9,18.9,51590.73,4.8981,37.728,NC(N)=NCCC[C@H](N)C(=O)O.NCCCC(=O)O>>NC(N)=NCCCC(=O)O.NCCC[C@H](N)C(=O)O,[*]SC[C@H]([NH3+])C(=O)NCC(=O)[O-]>>[NH3+]CC(=O)[O-].[*]SC[C@H](N)C(=O)O
104,NaN,B0VMG3,Probable cytosol aminopeptidase,Acinetobacter baumannii (strain SDF) OX=509170,12.0,MNXR149048,-,3.4.11.1;3.4.11.2;3.4.11.23;3.4.13.-,3.0,0.0,0.16222,NaN,-1,0.162224,41.8,24.2,12.4,24.9,52149.53,4.7288,42.116,NC(N)=NCCC[C@H](N)C(=O)O.NCCCC(=O)O>>NC(N)=NCCCC(=O)O.NCCC[C@H](N)C(=O)O,[*]SC[C@H]([NH3+])C(=O)NCC(=O)[O-]>>[NH3+]CC(=O)[O-].[*]SC[C@H](N)C(=O)O
105,NaN,Q9JYV4,NaN,Neisseria meningitidis,12.0,MNXR149048,-,3.4.11.1;3.4.11.2;3.4.11.23;3.4.13.-,NaN,0.0,0.16222,NaN,-1,0.162224,-,-,-,-,-,-,-,NC(N)=NCCC[C@H](N)C(=O)O.NCCCC(=O)O>>NC(N)=NCCCC(=O)O.NCCC[C@H](N)C(=O)O,[*]SC[C@H]([NH3+])C(=O)NCC(=O)[O-]>>[NH3+]CC(=O)[O-].[*]SC[C@H](N)C(=O)O
106,NaN,A7MU37,Peptidase B,Vibrio campbellii (strain ATCC BAA-1116) OX=2902295,12.0,MNXR149048,-,3.4.11.1;3.4.11.2;3.4.11.23;3.4.13.-,3.0,0.0,0.16222,NaN,-1,0.162224,44.7,20.4,16.8,21.9,46561.59,5.4396,43.750,NC(N)=NCCC[C@H](N)C(=O)O.NCCCC(=O)O>>NC(N)=NCCCC(=O)O.NCCC[C@H](N)C(=O)O,[*]SC[C@H]([NH3+])C(=O)NCC(=O)[O-]>>[NH3+]CC(=O)[O-].[*]SC[C@H](N)C(=O)O
107,NaN,Q87S21,Peptidase B,Vibrio parahaemolyticus serotype O3:K6 (strain RIMD 2210633) OX=223926,12.0,MNXR149048,-,3.4.11.1;3.4.11.2;3.4.11.23;3.4.13.-,3.0,0.0,0.16222,NaN,-1,0.162224,50.7,17.3,15.1,20.7,46611.65,5.4375,44.444,NC(N)=NCCC[C@H](N)C(=O)O.NCCCC(=O)O>>NC(N)=NCCCC(=O)O.NCCC[C@H](N)C(=O)O,[*]SC[C@H]([NH3+])C(=O)NCC(=O)[O-]>>[NH3+]CC(=O)[O-].[*]SC[C@H](N)C(=O)O
108,NaN,C3K6G5,Probable cytosol aminopeptidase,Pseudomonas fluorescens (strain SBW25) OX=216595,12.0,MNXR149048,-,3.4.11.1;3.4.11.2;3.4.11.23;3.4.13.-,3.0,0.0,0.16222,NaN,-1,0.162224,46.5,24.4,11.9,20.6,52435.62,7.7936,40.726,NC(N)=NCCC[C@H](N)C(=O)O.NCCCC(=O)O>>NC(N)=NCCCC(=O)O.NCCC[C@H](N)C(=O)O,[*]SC[C@H]([NH3+])C(=O)NCC(=O)[O-]>>[NH3+]CC(=O)[O-].[*]SC[C@H](N)C(=O)O
109,NaN,B0KQK8,Probable cytosol aminopeptidase,Pseudomonas putida (strain GB-1) OX=76869,12.0,MNXR149048,-,3.4.11.1;3.4.11.2;3.4.11.23;3.4.13.-,3.0,0.0,0.16222,NaN,-1,0.162224,49.5,24.5,11.4,17.9,52327.31,7.7721,39.235,NC(N)=NCCC[C@H](N)C(=O)O.NCCCC(=O)O>>NC(N)=NCCCC(=O)O.NCCC[C@H](N)C(=O)O,[*]SC[C@H]([NH3+])C(=O)NCC(=O)[O-]>>[NH3+]CC(=O)[O-].[*]SC[C@H](N)C(=O)O
110,NaN,Q9HZQ8,Aminopeptidase,Pseudomonas aeruginosa (strain ATCC 15692 / DSM 22644 / CIP 104116 / JCM 14847 / LMG 12228 / 1C / PRS 101 / PAO1) OX=208964,12.0,MNXR149048,-,3.4.11.1;3.4.11.2;3.4.11.23;3.4.13.-,1.0,0.0,0.16222,NaN,-1,0.162224,33.5,26.7,16.2,26.7,57511.25,4.7685,44.030,NC(N)=NCCC[C@H](N)C(=O)O.NCCCC(=O)O>>NC(N)=NCCCC(=O)O.NCCC[C@H](N)C(=O)O,[*]SC[C@H]([NH3+])C(=O)NCC(=O)[O-]>>[NH3+]CC(=O)[O-].[*]SC[C@H](N)C(=O)O
111,NaN,Q8PCR4,Probable cytosol aminopeptidase,Xanthomonas campestris pv. campestris (strain ATCC 33913 / DSM 3586 / NCPPB 528 / LMG 568 / P 25) OX=190485,12.0,MNXR149048,-,3.4.11.1;3.4.11.2;3.4.11.23;3.4.13.-,3.0,0.0,0.16222,NaN,-1,0.162224,43.2,29.4,11.9,18.9,51590.73,4.8981,37.728,NC(N)=NCCC[C@H](N)C(=O)O.NCCCC(=O)O>>NC(N)=NCCCC(=O)O.NCCC[C@H](N)C(=O)O,[*]SC[C@H]([NH3+])C(=O)NCC(=O)[O-]>>[NH3+]CC(=O)[O-].[*]SC[C@H](N)C(=O)O
112,NaN,Q46XT9,Probable cytosol aminopeptidase,Cupriavidus pinatubonensis (strain JMP 134 / LMG 1197) OX=264198,13.0,MNXR149048,-,3.4.11.1;3.4.11.2;3.4.11.23;3.4.13.-,3.0,0.0,0.16222,NaN,-1,0.162224,46.6,25.1,13.8,17.8,53931.23,9.0227,40.196,NC(N)=NCCC[C@H](N)C(=O)O.NCCCC(=O)O>>NC(N)=NCCCC(=O)O.NCCC[C@H](N)C(=O)O,[*]SC[C@H]([NH3+])C(=O)NCC(=O)[O-]>>[NH3+]CC(=O)[O-].[*]SC[C@H](N)C(=O)O
113,NaN,Q12AW5,Probable cytosol aminopeptidase,Polaromonas sp. (strain JS666 / ATCC BAA-500) OX=296591,13.0,MNXR149048,-,3.4.11.1;3.4.11.2;3.4.11.23;3.4.13.-,3.0,0.0,0.16222,NaN,-1,0.162224,48.5,27.9,9.8,17.1,52825.27,9.8350,37.081,NC(N)=NCCC[C@H](N)C(=O)O.NCCCC(=O)O>>NC(N)=NCCCC(=O)O.NCCC[C@H](N)C(=O)O,[*]SC[C@H]([NH3+])C(=O)NCC(=O)[O-]>>[NH3+]CC(=O)[O-].[*]SC[C@H](N)C(=O)O
114,NaN,B2UAK8,Probable cytosol aminopeptidase,Ralstonia pickettii (strain 12J) OX=402626,13.0,MNXR149048,-,3.4.11.1;3.4.11.2;3.4.11.23;3.4.13.-,3.0,0.0,0.16222,NaN,-1,0.162224,57.0,22.4,9.7,14.2,52987.30,8.9663,39.641,NC(N)=NCCC[C@H](N)C(=O)O.NCCCC(=O)O>>NC(N)=NCCCC(=O)O.NCCC[C@H](N)C(=O)O,[*]SC[C@H]([NH3+])C(=O)NCC(=O)[O-]>>[NH3+]CC(=O)[O-].[*]SC[C@H](N)C(=O)O
115,NaN,Q1LJJ6,Probable cytosol aminopeptidase,Cupriavidus metallidurans (strain ATCC 43123 / DSM 2839 / NBRC 102507 / CH34) OX=266264,13.0,MNXR149048,-,3.4.11.1;3.4.11.2;3.4.11.23;3.4.13.-,3.0,0.0,0.16222,NaN,-1,0.162224,50.0,25.5,10.7,17.0,53736.04,8.8554,39.216,NC(N)=NCCC[C@H](N)C(=O)O.NCCCC(=O)O>>NC(N)=NCCCC(=O)O.NCCC[C@H](N)C(=O)O,[*]SC[C@H]([NH3+])C(=O)NCC(=O)[O-]>>[NH3+]CC(=O)[O-].[*]SC[C@H](N)C(=O)O
116,NaN,Q47BG9,Probable cytosol aminopeptidase,Dechloromonas aromatica (strain RCB) OX=159087,13.0,MNXR149048,-,3.4.11.1;3.4.11.2;3.4.11.23;3.4.13.-,3.0,0.0,0.16222,NaN,-1,0.162224,51.7,22.2,12.9,16.6,53875.28,7.0692,41.566,NC(N)=NCCC[C@H](N)C(=O)O.NCCCC(=O)O>>NC(N)=NCCCC(=O)O.NCCC[C@H](N)C(=O)O,[*]SC[C@H]([NH3+])C(=O)NCC(=O)[O-]>>[NH3+]CC(=O)[O-].[*]SC[C@H](N)C(=O)O
117,NaN,A9IIK3,Probable cytosol aminopeptidase,Bordetella petrii (strain ATCC BAA-461 / DSM 12804 / CCUG 43448) OX=340100,13.0,MNXR149048,-,3.4.11.1;3.4.11.2;3.4.11.23;3.4.13.-,3.0,0.0,0.16222,NaN,-1,0.162224,49.0,24.5,10.6,19.3,52270.87,8.8133,40.161,NC(N)=NCCC[C@H](N)C(=O)O.NCCCC(=O)O>>NC(N)=NCCCC(=O)O.NCCC[C@H](N)C(=O)O,[*]SC[C@H]([NH3+])C(=O)NCC(=O)[O-]>>[NH3+]CC(=O)[O-].[*]SC[C@H](N)C(=O)O
118,NaN,A6T0V4,Probable cytosol aminopeptidase,Janthinobacterium sp. (strain Marseille) OX=375286,13.0,MNXR149048,-,3.4.11.1;3.4.11.2;3.4.11.23;3.4.13.-,3.0,0.0,0.16222,NaN,-1,0.162224,50.4,22.5,11.3,19.1,52601.53,9.1375,41.865,NC(N)=NCCC[C@H](N)C(=O)O.NCCCC(=O)O>>NC(N)=NCCCC(=O)O.NCCC[C@H](N)C(=O)O,[*]SC[C@H]([NH3+])C(=O)NCC(=O)[O-]>>[NH3+]CC(=O)[O-].[*]SC[C@H](N)C(=O)O
119,NaN,Q2KWX0,Probable cytosol aminopeptidase,Bordetella avium (strain 197N) OX=360910,13.0,MNXR149048,-,3.4.11.1;3.4.11.2;3.4.11.23;3.4.13.-,3.0,0.0,0.16222,NaN,-1,0.162224,45.9,25.0,11.5,20.9,52891.55,8.5416,39.484,NC(N)=NCCC[C@H](N)C(=O)O.NCCCC(=O)O>>NC(N)=NCCCC(=O)O.NCCC[C@H](N)C(=O)O,[*]SC[C@H]([NH3+])C(=O)NCC(=O)[O-]>>[NH3+]CC(=O)[O-].[*]SC[C@H](N)C(=O)O
120,NaN,Q8XWQ8,Probable cytosol aminopeptidase,Ralstonia solanacearum (strain GMI1000) OX=267608,13.0,MNXR149048,-,3.4.11.1;3.4.11.2;3.4.11.23;3.4.13.-,3.0,0.0,0.16222,NaN,-1,0.162224,53.3,23.9,10.6,15.5,53188.56,9.2843,38.538,NC(N)=NCCC[C@H](N)C(=O)O.NCCCC(=O)O>>NC(N)=NCCCC(=O)O.NCCC[C@H](N)C(=O)O,[*]SC[C@H]([NH3+])C(=O)NCC(=O)[O-]>>[NH3+]CC(=O)[O-].[*]SC[C@H](N)C(=O)O
121,NaN,A1W776,Probable cytosol aminopeptidase,Acidovorax sp. (strain JS42) OX=232721,13.0,MNXR149048,-,3.4.11.1;3.4.11.2;3.4.11.23;3.4.13.-,3.0,0.0,0.16222,NaN,-1,0.162224,45.0,29.8,10.4,18.1,51232.34,9.0369,35.282,NC(N)=NCCC[C@H](N)C(=O)O.NCCCC(=O)O>>NC(N)=NCCCC(=O)O.NCCC[C@H](N)C(=O)O,[*]SC[C@H]([NH3+])C(=O)NCC(=O)[O-]>>[NH3+]CC(=O)[O-].[*]SC[C@H](N)C(=O)O
122,NaN,Q89MT4,Probable cytosol aminopeptidase,Bradyrhizobium diazoefficiens (strain JCM 10833 / BCRC 13528 / IAM 13628 / NBRC 14792 / USDA 110) OX=224911,13.0,MNXR149048,-,3.4.11.1;3.4.11.2;3.4.11.23;3.4.13.-,3.0,0.0,0.16222,NaN,-1,0.162224,53.8,21.5,9.7,18.2,51844.99,9.6687,37.475,NC(N)=NCCC[C@H](N)C(=O)O.NCCCC(=O)O>>NC(N)=NCCCC(=O)O.NCCC[C@H](N)C(=O)O,[*]SC[C@H]([NH3+])C(=O)NCC(=O)[O-]>>[NH3+]CC(=O)[O-].[*]SC[C@H](N)C(=O)O
123,NaN,A4WRK9,Probable cytosol aminopeptidase,Cereibacter sphaeroides (strain ATCC 17025 / ATH 2.4.3) OX=349102,13.0,MNXR149048,-,3.4.11.1;3.4.11.2;3.4.11.23;3.4.13.-,3.0,0.0,0.16222,NaN,-1,0.162224,53.1,19.5,11.2,19.7,51764.68,5.3921,38.037,NC(N)=NCCC[C@H](N)C(=O)O.NCCCC(=O)O>>NC(N)=NCCCC(=O)O.NCCC[C@H](N)C(=O)O,[*]SC[C@H]([NH3+])C(=O)NCC(=O)[O-]>>[NH3+]CC(=O)[O-].[*]SC[C@H](N)C(=O)O
124,NaN,Q07LG0,Probable cytosol aminopeptidase,Rhodopseudomonas palustris (strain BisA53) OX=316055,13.0,MNXR149048,-,3.4.11.1;3.4.11.2;3.4.11.23;3.4.13.-,3.0,0.0,0.16222,NaN,-1,0.162224,45.9,25.3,12.2,19.9,52277.34,9.6255,39.558,NC(N)=NCCC[C@H](N)C(=O)O.NCCCC(=O)O>>NC(N)=NCCCC(=O)O.NCCC[C@H](N)C(=O)O,[*]SC[C@H]([NH3+])C(=O)NCC(=O)[O-]>>[NH3+]CC(=O)[O-].[*]SC[C@H](N)C(=O)O
125,NaN,Q0AIF5,Probable cytosol aminopeptidase,Nitrosomonas eutropha (strain DSM 101675 / C91 / Nm57) OX=335283,13.0,MNXR149048,-,3.4.11.1;3.4.11.2;3.4.11.23;3.4.13.-,3.0,0.0,0.16222,NaN,-1,0.162224,44.9,29.1,11.0,18.3,53521.61,5.2685,40.845,NC(N)=NCCC[C@H](N)C(=O)O.NCCCC(=O)O>>NC(N)=NCCCC(=O)O.NCCC[C@H](N)C(=O)O,[*]SC[C@H]([NH3+])C(=O)NCC(=O)[O-]>>[NH3+]CC(=O)[O-].[*]SC[C@H](N)C(=O)O
126,NaN,Q39DS5,Probable cytosol aminopeptidase,Burkholderia lata (strain ATCC 17760 / DSM 23089 / LMG 22485 / NCIMB 9086 / R18194 / 383) OX=482957,13.0,MNXR149048,-,3.4.11.1;3.4.11.2;3.4.11.23;3.4.13.-,3.0,0.0,0.16222,NaN,-1,0.162224,42.3,26.9,15.2,18.9,53037.07,7.7129,39.563,NC(N)=NCCC[C@H](N)C(=O)O.NCCCC(=O)O>>NC(N)=NCCCC(=O)O.NCCC[C@H](N)C(=O)O,[*]SC[C@H]([NH3+])C(=O)NCC(=O)[O-]>>[NH3+]CC(=O)[O-].[*]SC[C@H](N)C(=O)O
127,NaN,Q2YB18,Probable cytosol aminopeptidase,Nitrosospira multiformis (strain ATCC 25196 / NCIMB 11849 / C 71) OX=323848,13.0,MNXR149048,-,3.4.11.1;3.4.11.2;3.4.11.23;3.4.13.-,3.0,0.0,0.16222,NaN,-1,0.162224,48.0,21.9,11.8,21.5,55475.85,8.2456,43.243,NC(N)=NCCC[C@H](N)C(=O)O.NCCCC(=O)O>>NC(N)=NCCCC(=O)O.NCCC[C@H](N)C(=O)O,[*]SC[C@H]([NH3+])C(=O)NCC(=O)[O-]>>[NH3+]CC(=O)[O-].[*]SC[C@H](N)C(=O)O
128,NaN,B1JWV2,Probable cytosol aminopeptidase,Burkholderia orbicola (strain MC0-3) OX=406425,14.0,MNXR149048,-,3.4.11.1;3.4.11.2;3.4.11.23;3.4.13.-,3.0,0.0,0.16222,NaN,-1,0.162224,41.9,27.1,15.4,18.9,52919.95,7.9733,39.165,NC(N)=NCCC[C@H](N)C(=O)O.NCCCC(=O)O>>NC(N)=NCCCC(=O)O.NCCC[C@H](N)C(=O)O,[*]SC[C@H]([NH3+])C(=O)NCC(=O)[O-]>>[NH3+]CC(=O)[O-].[*]SC[C@H](N)C(=O)O
129,NaN,Q3JV16,Probable cytosol aminopeptidase,Burkholderia pseudomallei (strain 1710b) OX=320372,14.0,MNXR149048,-,3.4.11.1;3.4.11.2;3.4.11.23;3.4.13.-,3.0,0.0,0.16222,NaN,-1,0.162224,44.4,26.7,15.0,17.2,52666.76,8.1873,37.972,NC(N)=NCCC[C@H](N)C(=O)O.NCCCC(=O)O>>NC(N)=NCCCC(=O)O.NCCC[C@H](N)C(=O)O,[*]SC[C@H]([NH3+])C(=O)NCC(=O)[O-]>>[NH3+]CC(=O)[O-].[*]SC[C@H](N)C(=O)O
130,NaN,B1YUW5,Probable cytosol aminopeptidase,Burkholderia ambifaria (strain MC40-6) OX=398577,14.0,MNXR149048,-,3.4.11.1;3.4.11.2;3.4.11.23;3.4.13.-,3.0,0.0,0.16222,NaN,-1,0.162224,41.1,28.7,15.2,18.3,53065.12,7.7128,39.563,NC(N)=NCCC[C@H](N)C(=O)O.NCCCC(=O)O>>NC(N)=NCCCC(=O)O.NCCC[C@H](N)C(=O)O,[*]SC[C@H]([NH3+])C(=O)NCC(=O)[O-]>>[NH3+]CC(=O)[O-].[*]SC[C@H](N)C(=O)O
131,NaN,A9AHG9,Probable cytosol aminopeptidase,Burkholderia multivorans (strain ATCC 17616 / 249) OX=395019,14.0,MNXR149048,-,3.4.11.1;3.4.11.2;3.4.11.23;3.4.13.-,3.0,0.0,0.16222,NaN,-1,0.162224,42.7,27.3,16.0,17.2,53183.29,7.7129,39.563,NC(N)=NCCC[C@H](N)C(=O)O.NCCCC(=O)O>>NC(N)=NCCCC(=O)O.NCCC[C@H](N)C(=O)O,[*]SC[C@H]([NH3+])C(=O)NCC(=O)[O-]>>[NH3+]CC(=O)[O-].[*]SC[C@H](N)C(=O)O
132,NaN,A6U7J2,Probable cytosol aminopeptidase,Sinorhizobium medicae (strain WSM419) OX=366394,14.0,MNXR149048,-,3.4.11.1;3.4.11.2;3.4.11.23;3.4.13.-,3.0,0.0,0.16222,NaN,-1,0.162224,48.0,20.8,12.3,22.2,52253.18,8.8392,39.638,NC(N)=NCCC[C@H](N)C(=O)O.NCCCC(=O)O>>NC(N)=NCCCC(=O)O.NCCC[C@H](N)C(=O)O,[*]SC[C@H]([NH3+])C(=O)NCC(=O)[O-]>>[NH3+]CC(=O)[O-].[*]SC[C@H](N)C(=O)O
133,NaN,Q9JTI8,Probable cytosol aminopeptidase,Neisseria meningitidis serogroup A / serotype 4A (strain DSM 15465 / Z2491) OX=122587,14.0,MNXR149048,-,3.4.11.1;3.4.11.2;3.4.11.23;3.4.13.-,3.0,0.0,0.16222,NaN,-1,0.162224,55.5,21.2,11.7,15.0,49802.67,4.7434,40.598,NC(N)=NCCC[C@H](N)C(=O)O.NCCCC(=O)O>>NC(N)=NCCCC(=O)O.NCCC[C@H](N)C(=O)O,[*]SC[C@H]([NH3+])C(=O)NCC(=O)[O-]>>[NH3+]CC(=O)[O-].[*]SC[C@H](N)C(=O)O
134,NaN,Q2KA77,Probable cytosol aminopeptidase,Rhizobium etli (strain CFN 42 / ATCC 51251) OX=347834,14.0,MNXR149048,-,3.4.11.1;3.4.11.2;3.4.11.23;3.4.13.-,3.0,0.0,0.16222,NaN,-1,0.162224,53.2,22.2,10.2,17.7,52154.84,6.6967,40.443,NC(N)=NCCC[C@H](N)C(=O)O.NCCCC(=O)O>>NC(N)=NCCCC(=O)O.NCCC[C@H](N)C(=O)O,[*]SC[C@H]([NH3+])C(=O)NCC(=O)[O-]>>[NH3+]CC(=O)[O-].[*]SC[C@H](N)C(=O)O
135,NaN,Q62LH2,Probable cytosol aminopeptidase,Burkholderia mallei (strain ATCC 23344) OX=243160,14.0,MNXR149048,-,3.4.11.1;3.4.11.2;3.4.11.23;3.4.13.-,3.0,0.0,0.16222,NaN,-1,0.162224,44.4,26.7,15.0,17.2,52680.79,8.1873,37.972,NC(N)=NCCC[C@H](N)C(=O)O.NCCCC(=O)O>>NC(N)=NCCCC(=O)O.NCCC[C@H](N)C(=O)O,[*]SC[C@H]([NH3+])C(=O)NCC(=O)[O-]>>[NH3+]CC(=O)[O-].[*]SC[C@H](N)C(=O)O
136,NaN,A3N6U4,Probable cytosol aminopeptidase,Burkholderia pseudomallei (strain 668) OX=320373,14.0,MNXR149048,-,3.4.11.1;3.4.11.2;3.4.11.23;3.4.13.-,3.0,0.0,0.16222,NaN,-1,0.162224,44.4,26.7,15.0,17.2,52652.73,8.1873,37.972,NC(N)=NCCC[C@H](N)C(=O)O.NCCCC(=O)O>>NC(N)=NCCCC(=O)O.NCCC[C@H](N)C(=O)O,[*]SC[C@H]([NH3+])C(=O)NCC(=O)[O-]>>[NH3+]CC(=O)[O-].[*]SC[C@H](N)C(=O)O
137,NaN,Q73IU2,Probable cytosol aminopeptidase,Wolbachia pipientis wMel OX=163164,14.0,MNXR149048,-,3.4.11.1;3.4.11.2;3.4.11.23;3.4.13.-,3.0,0.0,0.16222,NaN,-1,0.162224,52.5,20.7,11.2,19.0,54921.76,5.0411,45.400,NC(N)=NCCC[C@H](N)C(=O)O.NCCCC(=O)O>>NC(N)=NCCCC(=O)O.NCCC[C@H](N)C(=O)O,[*]SC[C@H]([NH3+])C(=O)NCC(=O)[O-]>>[NH3+]CC(=O)[O-].[*]SC[C@H](N)C(=O)O
138,NaN,Q8G1M4,Probable cytosol aminopeptidase,Brucella suis biovar 1 (strain 1330) OX=204722,14.0,MNXR149048,-,3.4.11.1;3.4.11.2;3.4.11.23;3.4.13.-,3.0,0.0,0.16222,NaN,-1,0.162224,45.5,19.5,12.1,26.2,52576.05,5.5997,40.845,NC(N)=NCCC[C@H](N)C(=O)O.NCCCC(=O)O>>NC(N)=NCCCC(=O)O.NCCC[C@H](N)C(=O)O,[*]SC[C@H]([NH3+])C(=O)NCC(=O)[O-]>>[NH3+]CC(=O)[O-].[*]SC[C@H](N)C(=O)O
139,NaN,Q1MIZ4,Probable cytosol aminopeptidase,Rhizobium leguminosarum bv. viciae (strain 3841) OX=216596,15.0,MNXR149048,-,3.4.11.1;3.4.11.2;3.4.11.23;3.4.13.-,3.0,0.0,0.16222,NaN,-1,0.162224,47.7,23.5,13.5,18.5,52209.01,7.6591,40.121,NC(N)=NCCC[C@H](N)C(=O)O.NCCCC(=O)O>>NC(N)=NCCCC(=O)O.NCCC[C@H](N)C(=O)O,[*]SC[C@H]([NH3+])C(=O)NCC(=O)[O-]>>[NH3+]CC(=O)[O-].[*]SC[C@H](N)C(=O)O
140,NaN,C4K1N6,Probable cytosol aminopeptidase,Rickettsia peacockii (strain Rustic) OX=562019,15.0,MNXR149048,-,3.4.11.1;3.4.11.2;3.4.11.23;3.4.13.-,3.0,0.0,0.16222,NaN,-1,0.162224,38.2,29.1,15.1,20.9,54001.90,5.5561,44.200,NC(N)=NCCC[C@H](N)C(=O)O.NCCCC(=O)O>>NC(N)=NCCCC(=O)O.NCCC[C@H](N)C(=O)O,[*]SC[C@H]([NH3+])C(=O)NCC(=O)[O-]>>[NH3+]CC(=O)[O-].[*]SC[C@H](N)C(=O)O
141,NaN,B9JCD8,Probable cytosol aminopeptidase,Agrobacterium radiobacter (strain K84 / ATCC BAA-868) OX=311403,15.0,MNXR149048,-,3.4.11.1;3.4.11.2;3.4.11.23;3.4.13.-,3.0,0.0,0.16222,NaN,-1,0.162224,46.1,23.9,13.3,20.1,52651.68,8.3750,39.157,NC(N)=NCCC[C@H](N)C(=O)O.NCCCC(=O)O>>NC(N)=NCCCC(=O)O.NCCC[C@H](N)C(=O)O,[*]SC[C@H]([NH3+])C(=O)NCC(=O)[O-]>>[NH3+]CC(=O)[O-].[*]SC[C@H](N)C(=O)O
142,NaN,P75206,Probable cytosol aminopeptidase,Mycoplasma pneumoniae (strain ATCC 29342 / M129 / Subtype 1) OX=272634,15.0,MNXR149048,-,3.4.11.1;3.4.11.2;3.4.11.23;3.4.13.-,3.0,0.0,0.16222,NaN,-1,0.162224,47.3,25.9,15.9,14.7,48789.29,8.3841,46.517,NC(N)=NCCC[C@H](N)C(=O)O.NCCCC(=O)O>>NC(N)=NCCCC(=O)O.NCCC[C@H](N)C(=O)O,[*]SC[C@H]([NH3+])C(=O)NCC(=O)[O-]>>[NH3+]CC(=O)[O-].[*]SC[C@H](N)C(=O)O
143,NaN,B5ZWY7,Probable cytosol aminopeptidase,Rhizobium leguminosarum bv. trifolii (strain WSM2304) OX=395492,15.0,MNXR149048,-,3.4.11.1;3.4.11.2;3.4.11.23;3.4.13.-,3.0,0.0,0.16222,NaN,-1,0.162224,48.1,23.3,11.7,20.2,52324.95,7.1523,41.734,NC(N)=NCCC[C@H](N)C(=O)O.NCCCC(=O)O>>NC(N)=NCCCC(=O)O.NCCC[C@H](N)C(=O)O,[*]SC[C@H]([NH3+])C(=O)NCC(=O)[O-]>>[NH3+]CC(=O)[O-].[*]SC[C@H](N)C(=O)O
144,NaN,Q1IPU7,Probable cytosol aminopeptidase,Koribacter versatilis (strain Ellin345) OX=204669,15.0,MNXR149048,-,3.4.11.1;3.4.11.2;3.4.11.23;3.4.13.-,3.0,0.0,0.16222,NaN,-1,0.162224,51.4,21.4,11.7,18.8,54375.52,6.0892,40.234,NC(N)=NCCC[C@H](N)C(=O)O.NCCCC(=O)O>>NC(N)=NCCCC(=O)O.NCCC[C@H](N)C(=O)O,[*]SC[C@H]([NH3+])C(=O)NCC(=O)[O-]>>[NH3+]CC(=O)[O-].[*]SC[C@H](N)C(=O)O
145,NaN,C0QSL9,Probable cytosol aminopeptidase,Persephonella marina (strain DSM 14350 / EX-H1) OX=123214,15.0,MNXR149048,-,3.4.11.1;3.4.11.2;3.4.11.23;3.4.13.-,3.0,0.0,0.16222,NaN,-1,0.162224,47.6,23.3,15.4,17.0,55379.05,9.5651,44.869,NC(N)=NCCC[C@H](N)C(=O)O.NCCCC(=O)O>>NC(N)=NCCCC(=O)O.NCCC[C@H](N)C(=O)O,[*]SC[C@H]([NH3+])C(=O)NCC(=O)[O-]>>[NH3+]CC(=O)[O-].[*]SC[C@H](N)C(=O)O
146,NaN,Q11010,Aminopeptidase N,Streptomyces lividans OX=1916,15.0,MNXR149048,-,3.4.11.1;3.4.11.2;3.4.11.23;3.4.13.-,1.0,0.0,0.16222,NaN,-1,0.162224,46.8,22.1,10.5,22.5,94423.69,4.5018,44.224,NC(N)=NCCC[C@H](N)C(=O)O.NCCCC(=O)O>>NC(N)=NCCCC(=O)O.NCCC[C@H](N)C(=O)O,[*]SC[C@H]([NH3+])C(=O)NCC(=O)[O-]>>[NH3+]CC(=O)[O-].[*]SC[C@H](N)C(=O)O
147,NaN,C3PMI0,Probable cytosol aminopeptidase,Rickettsia africae (strain ESF-5) OX=347255,15.0,MNXR149048,-,3.4.11.1;3.4.11.2;3.4.11.23;3.4.13.-,3.0,0.0,0.16222,NaN,-1,0.162224,38.6,28.9,14.9,20.9,54026.01,5.7602,44.000,NC(N)=NCCC[C@H](N)C(=O)O.NCCCC(=O)O>>NC(N)=NCCCC(=O)O.NCCC[C@H](N)C(=O)O,[*]SC[C@H]([NH3+])C(=O)NCC(=O)[O-]>>[NH3+]CC(=O)[O-].[*]SC[C@H](N)C(=O)O
148,NaN,Q72F03,Probable cytosol aminopeptidase,Desulfovibrio vulgaris (strain ATCC 29579 / DSM 644 / NCIMB 8303 / VKM B-1760 / Hildenborough) OX=882,15.0,MNXR149048,-,3.4.11.1;3.4.11.2;3.4.11.23;3.4.13.-,3.0,0.0,0.16222,NaN,-1,0.162224,54.4,19.6,12.0,17.3,53771.59,4.8920,36.292,NC(N)=NCCC[C@H](N)C(=O)O.NCCCC(=O)O>>NC(N)=NCCCC(=O)O.NCCC[C@H](N)C(=O)O,[*]SC[C@H]([NH3+])C(=O)NCC(=O)[O-]>>[NH3+]CC(=O)[O-].[*]SC[C@H](N)C(=O)O
149,NaN,A8GXC3,Probable cytosol aminopeptidase,Rickettsia bellii (strain OSU 85-389) OX=391896,15.0,MNXR149048,-,3.4.11.1;3.4.11.2;3.4.11.23;3.4.13.-,3.0,0.0,0.16222,NaN,-1,0.162224,49.8,24.9,10.1,18.5,54389.24,4.9939,44.821,NC(N)=NCCC[C@H](N)C(=O)O.NCCCC(=O)O>>NC(N)=NCCCC(=O)O.NCCC[C@H](N)C(=O)O,[*]SC[C@H]([NH3+])C(=O)NCC(=O)[O-]>>[NH3+]CC(=O)[O-].[*]SC[C@H](N)C(=O)O
150,NaN,Q17W06,Probable cytosol aminopeptidase,Helicobacter acinonychis (strain Sheeba) OX=382638,15.0,MNXR149048,-,3.4.11.1;3.4.11.2;3.4.11.23;3.4.13.-,3.0,0.0,0.16222,NaN,-1,0.162224,62.3,16.5,10.2,14.4,54522.17,7.0671,44.556,NC(N)=NCCC[C@H](N)C(=O)O.NCCCC(=O)O>>NC(N)=NCCCC(=O)O.NCCC[C@H](N)C(=O)O,[*]SC[C@H]([NH3+])C(=O)NCC(=O)[O-]>>[NH3+]CC(=O)[O-].[*]SC[C@H](N)C(=O)O
151,NaN,P47631,Probable cytosol aminopeptidase,Mycoplasma genitalium (strain ATCC 33530 / DSM 19775 / NCTC 10195 / G37) OX=243273,15.0,MNXR149048,-,3.4.11.1;3.4.11.2;3.4.11.23;3.4.13.-,3.0,0.0,0.16222,NaN,-1,0.162224,48.7,24.6,14.2,16.2,49107.50,8.9238,47.204,NC(N)=NCCC[C@H](N)C(=O)O.NCCCC(=O)O>>NC(N)=NCCCC(=O)O.NCCC[C@H](N)C(=O)O,[*]SC[C@H]([NH3+])C(=O)NCC(=O)[O-]>>[NH3+]CC(=O)[O-].[*]SC[C@H](N)C(=O)O
152,NaN,B0BWB2,Probable cytosol aminopeptidase,Rickettsia rickettsii (strain Iowa) OX=452659,15.0,MNXR149048,-,3.4.11.1;3.4.11.2;3.4.11.23;3.4.13.-,3.0,0.0,0.16222,NaN,-1,0.162224,39.9,30.0,13.6,19.8,54065.14,6.1391,44.000,NC(N)=NCCC[C@H](N)C(=O)O.NCCCC(=O)O>>NC(N)=NCCCC(=O)O.NCCC[C@H](N)C(=O)O,[*]SC[C@H]([NH3+])C(=O)NCC(=O)[O-]>>[NH3+]CC(=O)[O-].[*]SC[C@H](N)C(=O)O
153,NaN,A3Q1S2,Probable cytosol aminopeptidase,Mycobacterium sp. (strain JLS) OX=164757,16.0,MNXR149048,-,3.4.11.1;3.4.11.2;3.4.11.23;3.4.13.-,3.0,0.0,0.16222,NaN,-1,0.162224,43.7,27.4,12.7,19.5,53316.60,6.9041,41.326,NC(N)=NCCC[C@H](N)C(=O)O.NCCCC(=O)O>>NC(N)=NCCCC(=O)O.NCCC[C@H](N)C(=O)O,[*]SC[C@H]([NH3+])C(=O)NCC(=O)[O-]>>[NH3+]CC(=O)[O-].[*]SC[C@H](N)C(=O)O
154,NaN,A6TWW9,Probable cytosol aminopeptidase,Alkaliphilus metalliredigens (strain QYMF) OX=293826,16.0,MNXR149048,-,3.4.11.1;3.4.11.2;3.4.11.23;3.4.13.-,3.0,0.0,0.16222,NaN,-1,0.162224,54.5,22.9,8.5,17.4,53605.85,5.0493,43.000,NC(N)=NCCC[C@H](N)C(=O)O.NCCCC(=O)O>>NC(N)=NCCCC(=O)O.NCCC[C@H](N)C(=O)O,[*]SC[C@H]([NH3+])C(=O)NCC(=O)[O-]>>[NH3+]CC(=O)[O-].[*]SC[C@H](N)C(=O)O
155,NaN,Q8XHI3,Probable cytosol aminopeptidase,Clostridium perfringens (strain 13 / Type A) OX=195102,16.0,MNXR149048,-,3.4.11.1;3.4.11.2;3.4.11.23;3.4.13.-,3.0,0.0,0.16222,NaN,-1,0.162224,57.2,17.6,13.6,14.9,54307.07,4.9032,47.059,NC(N)=NCCC[C@H](N)C(=O)O.NCCCC(=O)O>>NC(N)=NCCCC(=O)O.NCCC[C@H](N)C(=O)O,[*]SC[C@H]([NH3+])C(=O)NCC(=O)[O-]>>[NH3+]CC(=O)[O-].[*]SC[C@H](N)C(=O)O
156,NaN,Q893F8,Probable cytosol aminopeptidase,Clostridium tetani (strain Massachusetts / E88) OX=212717,16.0,MNXR149048,-,3.4.11.1;3.4.11.2;3.4.11.23;3.4.13.-,3.0,0.0,0.16222,NaN,-1,0.162224,57.4,21.5,8.4,16.1,52611.60,7.5257,46.154,NC(N)=NCCC[C@H](N)C(=O)O.NCCCC(=O)O>>NC(N)=NCCCC(=O)O.NCCC[C@H](N)C(=O)O,[*]SC[C@H]([NH3+])C(=O)NCC(=O)[O-]>>[NH3+]CC(=O)[O-].[*]SC[C@H](N)C(=O)O
157,NaN,O32956,Probable cytosol aminopeptidase,Mycobacterium leprae (strain TN) OX=272631,16.0,MNXR149048,-,3.4.11.1;3.4.11.2;3.4.11.23;3.4.13.-,3.0,0.0,0.16222,NaN,-1,0.162224,40.2,27.4,13.8,21.9,54341.83,6.5212,41.221,NC(N)=NCCC[C@H](N)C(=O)O.NCCCC(=O)O>>NC(N)=NCCCC(=O)O.NCCC[C@H](N)C(=O)O,[*]SC[C@H]([NH3+])C(=O)NCC(=O)[O-]>>[NH3+]CC(=O)[O-].[*]SC[C@H](N)C(=O)O
158,NaN,B9J3C5,Probable cytosol aminopeptidase,Bacillus cereus (strain Q1) OX=361100,17.0,MNXR149048,-,3.4.11.1;3.4.11.2;3.4.11.23;3.4.13.-,3.0,0.0,0.16222,NaN,-1,0.162224,59.8,16.9,7.1,19.5,53542.69,4.4536,45.951,NC(N)=NCCC[C@H](N)C(=O)O.NCCCC(=O)O>>NC(N)=NCCCC(=O)O.NCCC[C@H](N)C(=O)O,[*]SC[C@H]([NH3+])C(=O)NCC(=O)[O-]>>[NH3+]CC(=O)[O-].[*]SC[C@H](N)C(=O)O
159,NaN,Q2JKL5,Probable cytosol aminopeptidase,Synechococcus sp. (strain JA-2-3B'a(2-13)) OX=321332,17.0,MNXR149048,-,3.4.11.1;3.4.11.2;3.4.11.23;3.4.13.-,3.0,0.0,0.16222,NaN,-1,0.162224,54.3,18.6,10.7,19.6,53872.66,4.8367,39.608,NC(N)=NCCC[C@H](N)C(=O)O.NCCCC(=O)O>>NC(N)=NCCCC(=O)O.NCCC[C@H](N)C(=O)O,[*]SC[C@H]([NH3+])C(=O)NCC(=O)[O-]>>[NH3+]CC(=O)[O-].[*]SC[C@H](N)C(=O)O
160,NaN,A9VMY8,Probable cytosol aminopeptidase,Bacillus mycoides (strain KBAB4) OX=315730,17.0,MNXR149048,-,3.4.11.1;3.4.11.2;3.4.11.23;3.4.13.-,3.0,0.0,0.16222,NaN,-1,0.162224,61.1,16.9,5.2,20.1,53544.93,4.6191,45.344,NC(N)=NCCC[C@H](N)C(=O)O.NCCCC(=O)O>>NC(N)=NCCCC(=O)O.NCCC[C@H](N)C(=O)O,[*]SC[C@H]([NH3+])C(=O)NCC(=O)[O-]>>[NH3+]CC(=O)[O-].[*]SC[C@H](N)C(=O)O
161,NaN,B0CCF6,Probable cytosol aminopeptidase,Acaryochloris marina (strain MBIC 11017) OX=329726,17.0,MNXR149048,-,3.4.11.1;3.4.11.2;3.4.11.23;3.4.13.-,3.0,0.0,0.16222,NaN,-1,0.162224,51.9,21.8,9.2,20.4,51869.91,4.4301,40.650,NC(N)=NCCC[C@H](N)C(=O)O.NCCCC(=O)O>>NC(N)=NCCCC(=O)O.NCCC[C@H](N)C(=O)O,[*]SC[C@H]([NH3+])C(=O)NCC(=O)[O-]>>[NH3+]CC(=O)[O-].[*]SC[C@H](N)C(=O)O
162,NaN,Q7U8Q1,Probable cytosol aminopeptidase,Parasynechococcus marenigrum (strain WH8102) OX=84588,17.0,MNXR149048,-,3.4.11.1;3.4.11.2;3.4.11.23;3.4.13.-,3.0,0.0,0.16222,NaN,-1,0.162224,48.0,19.5,11.9,24.0,50608.49,4.9052,37.782,NC(N)=NCCC[C@H](N)C(=O)O.NCCCC(=O)O>>NC(N)=NCCCC(=O)O.NCCC[C@H](N)C(=O)O,[*]SC[C@H]([NH3+])C(=O)NCC(=O)[O-]>>[NH3+]CC(=O)[O-].[*]SC[C@H](N)C(=O)O
163,NaN,Q319F5,Probable cytosol aminopeptidase,Prochlorococcus marinus (strain MIT 9312) OX=74546,17.0,MNXR149048,-,3.4.11.1;3.4.11.2;3.4.11.23;3.4.13.-,3.0,0.0,0.16222,NaN,-1,0.162224,58.6,15.4,12.7,16.7,53572.62,5.8255,46.327,NC(N)=NCCC[C@H](N)C(=O)O.NCCCC(=O)O>>NC(N)=NCCCC(=O)O.NCCC[C@H](N)C(=O)O,[*]SC[C@H]([NH3+])C(=O)NCC(=O)[O-]>>[NH3+]CC(=O)[O-].[*]SC[C@H](N)C(=O)O
164,NaN,A5CRI6,Probable cytosol aminopeptidase,Clavibacter michiganensis subsp. michiganensis (strain NCPPB 382) OX=443906,17.0,MNXR149048,-,3.4.11.1;3.4.11.2;3.4.11.23;3.4.13.-,3.0,0.0,0.16222,NaN,-1,0.162224,40.7,32.1,10.7,19.8,51491.52,4.6061,36.056,NC(N)=NCCC[C@H](N)C(=O)O.NCCCC(=O)O>>NC(N)=NCCCC(=O)O.NCCC[C@H](N)C(=O)O,[*]SC[C@H]([NH3+])C(=O)NCC(=O)[O-]>>[NH3+]CC(=O)[O-].[*]SC[C@H](N)C(=O)O
165,NaN,A0A060A630,NaN,Acanthamoeba castellanii,17.0,MNXR149048,-,3.4.11.1;3.4.11.2;3.4.11.23;3.4.13.-,NaN,0.0,0.16222,NaN,-1,0.162224,-,-,-,-,-,-,-,NC(N)=NCCC[C@H](N)C(=O)O.NCCCC(=O)O>>NC(N)=NCCCC(=O)O.NCCC[C@H](N)C(=O)O,[*]SC[C@H]([NH3+])C(=O)NCC(=O)[O-]>>[NH3+]CC(=O)[O-].[*]SC[C@H](N)C(=O)O
166,NaN,B2J3G8,Probable cytosol aminopeptidase,Nostoc punctiforme (strain ATCC 29133 / PCC 73102) OX=63737,17.0,MNXR149048,-,3.4.11.1;3.4.11.2;3.4.11.23;3.4.13.-,3.0,0.0,0.16222,NaN,-1,0.162224,54.5,20.8,8.0,20.1,52092.72,4.7524,40.365,NC(N)=NCCC[C@H](N)C(=O)O.NCCCC(=O)O>>NC(N)=NCCCC(=O)O.NCCC[C@H](N)C(=O)O,[*]SC[C@H]([NH3+])C(=O)NCC(=O)[O-]>>[NH3+]CC(=O)[O-].[*]SC[C@H](N)C(=O)O
167,NaN,Q3AHT4,Probable cytosol aminopeptidase,Synechococcus sp. (strain CC9605) OX=110662,17.0,MNXR149048,-,3.4.11.1;3.4.11.2;3.4.11.23;3.4.13.-,3.0,0.0,0.16222,NaN,-1,0.162224,53.7,17.8,14.6,17.3,50997.25,4.6674,37.832,NC(N)=NCCC[C@H](N)C(=O)O.NCCCC(=O)O>>NC(N)=NCCCC(=O)O.NCCC[C@H](N)C(=O)O,[*]SC[C@H]([NH3+])C(=O)NCC(=O)[O-]>>[NH3+]CC(=O)[O-].[*]SC[C@H](N)C(=O)O
168,NaN,A2RI32,Aminopeptidase N,Lactococcus lactis subsp. cremoris (strain MG1363) OX=416870,17.0,MNXR149048,-,3.4.11.1;3.4.11.2;3.4.11.23;3.4.13.-,1.0,0.0,0.16222,NaN,-1,0.162224,55.9,16.7,11.6,17.7,95369.23,4.5731,46.217,NC(N)=NCCC[C@H](N)C(=O)O.NCCCC(=O)O>>NC(N)=NCCCC(=O)O.NCCC[C@H](N)C(=O)O,[*]SC[C@H]([NH3+])C(=O)NCC(=O)[O-]>>[NH3+]CC(=O)[O-].[*]SC[C@H](N)C(=O)O
169,NaN,B1YKV4,Probable cytosol aminopeptidase,Exiguobacterium sibiricum (strain DSM 17290 / CIP 109462 / JCM 13490 / 255-15) OX=262543,17.0,MNXR149048,-,3.4.11.1;3.4.11.2;3.4.11.23;3.4.13.-,3.0,0.0,0.16222,NaN,-1,0.162224,37.5,31.7,11.7,22.6,51505.00,5.1400,41.719,NC(N)=NCCC[C@H](N)C(=O)O.NCCCC(=O)O>>NC(N)=NCCCC(=O)O.NCCC[C@H](N)C(=O)O,[*]SC[C@H]([NH3+])C(=O)NCC(=O)[O-]>>[NH3+]CC(=O)[O-].[*]SC[C@H](N)C(=O)O
170,NaN,A2BSQ4,Probable cytosol aminopeptidase,Prochlorococcus marinus (strain AS9601) OX=146891,17.0,MNXR149048,-,3.4.11.1;3.4.11.2;3.4.11.23;3.4.13.-,3.0,0.0,0.16222,NaN,-1,0.162224,56.5,14.6,12.7,19.6,53346.35,6.5401,47.143,NC(N)=NCCC[C@H](N)C(=O)O.NCCCC(=O)O>>NC(N)=NCCCC(=O)O.NCCC[C@H](N)C(=O)O,[*]SC[C@H]([NH3+])C(=O)NCC(=O)[O-]>>[NH3+]CC(=O)[O-].[*]SC[C@H](N)C(=O)O
171,NaN,Q254B9,Probable cytosol aminopeptidase,Chlamydia felis (strain Fe/C-56) OX=264202,17.0,MNXR149048,-,3.4.11.1;3.4.11.2;3.4.11.23;3.4.13.-,3.0,0.0,0.16222,NaN,-1,0.162224,52.9,25.4,12.6,12.4,54234.66,5.4465,41.400,NC(N)=NCCC[C@H](N)C(=O)O.NCCCC(=O)O>>NC(N)=NCCCC(=O)O.NCCC[C@H](N)C(=O)O,[*]SC[C@H]([NH3+])C(=O)NCC(=O)[O-]>>[NH3+]CC(=O)[O-].[*]SC[C@H](N)C(=O)O
172,NaN,Q632E1,Probable cytosol aminopeptidase,Bacillus cereus (strain ZK / E33L) OX=288681,17.0,MNXR149048,-,3.4.11.1;3.4.11.2;3.4.11.23;3.4.13.-,3.0,0.0,0.16222,NaN,-1,0.162224,59.0,17.4,7.5,19.5,53513.69,4.4992,45.951,NC(N)=NCCC[C@H](N)C(=O)O.NCCCC(=O)O>>NC(N)=NCCCC(=O)O.NCCC[C@H](N)C(=O)O,[*]SC[C@H]([NH3+])C(=O)NCC(=O)[O-]>>[NH3+]CC(=O)[O-].[*]SC[C@H](N)C(=O)O
173,NaN,P73971,Probable cytosol aminopeptidase,Synechocystis sp. (strain PCC 6803 / Kazusa) OX=1111708,18.0,MNXR149048,-,3.4.11.1;3.4.11.2;3.4.11.23;3.4.13.-,3.0,0.0,0.16222,NaN,-1,0.162224,52.9,17.0,10.1,23.3,52165.87,4.7553,41.667,NC(N)=NCCC[C@H](N)C(=O)O.NCCCC(=O)O>>NC(N)=NCCCC(=O)O.NCCC[C@H](N)C(=O)O,[*]SC[C@H]([NH3+])C(=O)NCC(=O)[O-]>>[NH3+]CC(=O)[O-].[*]SC[C@H](N)C(=O)O
174,NaN,Q7VEN5,Probable cytosol aminopeptidase,Mycobacterium bovis (strain ATCC BAA-935 / AF2122/97) OX=233413,18.0,MNXR149048,-,3.4.11.1;3.4.11.2;3.4.11.23;3.4.13.-,3.0,0.0,0.16222,NaN,-1,0.162224,41.5,29.9,12.6,19.2,53447.34,8.2101,39.612,NC(N)=NCCC[C@H](N)C(=O)O.NCCCC(=O)O>>NC(N)=NCCCC(=O)O.NCCC[C@H](N)C(=O)O,[*]SC[C@H]([NH3+])C(=O)NCC(=O)[O-]>>[NH3+]CC(=O)[O-].[*]SC[C@H](N)C(=O)O
175,NaN,B7KCB0,Probable cytosol aminopeptidase,Gloeothece citriformis (strain PCC 7424) OX=65393,18.0,MNXR149048,-,3.4.11.1;3.4.11.2;3.4.11.23;3.4.13.-,3.0,0.0,0.16222,NaN,-1,0.162224,51.7,21.9,8.4,21.3,52033.71,4.6282,43.061,NC(N)=NCCC[C@H](N)C(=O)O.NCCCC(=O)O>>NC(N)=NCCCC(=O)O.NCCC[C@H](N)C(=O)O,[*]SC[C@H]([NH3+])C(=O)NCC(=O)[O-]>>[NH3+]CC(=O)[O-].[*]SC[C@H](N)C(=O)O
176,NaN,A1BGN2,Probable cytosol aminopeptidase,Chlorobium phaeobacteroides (strain DSM 266 / SMG 266 / 2430) OX=290317,18.0,MNXR149048,-,3.4.11.1;3.4.11.2;3.4.11.23;3.4.13.-,3.0,0.0,0.16222,NaN,-1,0.162224,55.9,20.7,12.9,13.8,53196.97,5.8491,41.948,NC(N)=NCCC[C@H](N)C(=O)O.NCCCC(=O)O>>NC(N)=NCCCC(=O)O.NCCC[C@H](N)C(=O)O,[*]SC[C@H]([NH3+])C(=O)NCC(=O)[O-]>>[NH3+]CC(=O)[O-].[*]SC[C@H](N)C(=O)O
177,NaN,A1KKQ5,Probable cytosol aminopeptidase,Mycobacterium bovis (strain BCG / Pasteur 1173P2) OX=410289,19.0,MNXR149048,-,3.4.11.1;3.4.11.2;3.4.11.23;3.4.13.-,3.0,0.0,0.16222,NaN,-1,0.162224,41.5,29.9,12.6,19.2,53447.34,8.2101,39.612,NC(N)=NCCC[C@H](N)C(=O)O.NCCCC(=O)O>>NC(N)=NCCCC(=O)O.NCCC[C@H](N)C(=O)O,[*]SC[C@H]([NH3+])C(=O)NCC(=O)[O-]>>[NH3+]CC(=O)[O-].[*]SC[C@H](N)C(=O)O
178,NaN,B1VZN5,Probable cytosol aminopeptidase,Streptomyces griseus subsp. griseus (strain JCM 4626 / NBRC 13350) OX=455632,19.0,MNXR149048,-,3.4.11.1;3.4.11.2;3.4.11.23;3.4.13.-,3.0,0.0,0.16222,NaN,-1,0.162224,59.9,15.8,9.8,17.6,52266.89,6.8162,35.534,NC(N)=NCCC[C@H](N)C(=O)O.NCCCC(=O)O>>NC(N)=NCCCC(=O)O.NCCC[C@H](N)C(=O)O,[*]SC[C@H]([NH3+])C(=O)NCC(=O)[O-]>>[NH3+]CC(=O)[O-].[*]SC[C@H](N)C(=O)O
179,NaN,C1AQC8,Probable cytosol aminopeptidase,Mycobacterium bovis (strain BCG / Tokyo 172 / ATCC 35737 / TMC 1019) OX=561275,19.0,MNXR149048,-,3.4.11.1;3.4.11.2;3.4.11.23;3.4.13.-,3.0,0.0,0.16222,NaN,-1,0.162224,41.5,29.9,12.6,19.2,53447.34,8.2101,39.612,NC(N)=NCCC[C@H](N)C(=O)O.NCCCC(=O)O>>NC(N)=NCCCC(=O)O.NCCC[C@H](N)C(=O)O,[*]SC[C@H]([NH3+])C(=O)NCC(=O)[O-]>>[NH3+]CC(=O)[O-].[*]SC[C@H](N)C(=O)O
180,NaN,Q8IL11,Leucine aminopeptidase,Plasmodium falciparum (isolate 3D7) OX=36329,20.0,MNXR149048,-,3.4.11.1;3.4.11.2;3.4.11.23;3.4.13.-,1.0,0.0,0.16222,NaN,-1,0.162224,43.5,28.2,16.1,14.9,67821.00,8.8553,45.950,NC(N)=NCCC[C@H](N)C(=O)O.NCCCC(=O)O>>NC(N)=NCCCC(=O)O.NCCC[C@H](N)C(=O)O,[*]SC[C@H]([NH3+])C(=O)NCC(=O)[O-]>>[NH3+]CC(=O)[O-].[*]SC[C@H](N)C(=O)O
181,NaN,Q7KF27,NaN,Leishmania major,21.0,MNXR149048,-,3.4.11.1;3.4.11.2;3.4.11.23;3.4.13.-,NaN,0.0,0.16222,NaN,-1,0.162224,-,-,-,-,-,-,-,NC(N)=NCCC[C@H](N)C(=O)O.NCCCC(=O)O>>NC(N)=NCCCC(=O)O.NCCC[C@H](N)C(=O)O,[*]SC[C@H]([NH3+])C(=O)NCC(=O)[O-]>>[NH3+]CC(=O)[O-].[*]SC[C@H](N)C(=O)O
182,NaN,Q0KKA6,NaN,Haemaphysalis longicornis,28.0,MNXR149048,-,3.4.11.1;3.4.11.2;3.4.11.23;3.4.13.-,NaN,0.0,0.16222,NaN,-1,0.162224,-,-,-,-,-,-,-,NC(N)=NCCC[C@H](N)C(=O)O.NCCCC(=O)O>>NC(N)=NCCCC(=O)O.NCCC[C@H](N)C(=O)O,[*]SC[C@H]([NH3+])C(=O)NCC(=O)[O-]>>[NH3+]CC(=O)[O-].[*]SC[C@H](N)C(=O)O
183,NaN,Q8VZH2,Aminopeptidase M1,Arabidopsis thaliana OX=3702,29.0,MNXR149048,-,3.4.11.1;3.4.11.2;3.4.11.23;3.4.13.-,1.0,0.0,0.16222,NaN,-1,0.162224,47.5,22.6,14.9,16.8,98178.91,5.1667,44.937,NC(N)=NCCC[C@H](N)C(=O)O.NCCCC(=O)O>>NC(N)=NCCCC(=O)O.NCCC[C@H](N)C(=O)O,[*]SC[C@H]([NH3+])C(=O)NCC(=O)[O-]>>[NH3+]CC(=O)[O-].[*]SC[C@H](N)C(=O)O
184,NaN,Q944P7,Leucine aminopeptidase 2; chloroplastic,Arabidopsis thaliana OX=3702,29.0,MNXR149048,-,3.4.11.1;3.4.11.2;3.4.11.23;3.4.13.-,2.0,0.0,0.16222,NaN,-1,0.162224,47.3,23.8,10.4,21.3,61307.15,7.0877,43.225,NC(N)=NCCC[C@H](N)C(=O)O.NCCCC(=O)O>>NC(N)=NCCCC(=O)O.NCCC[C@H](N)C(=O)O,[*]SC[C@H]([NH3+])C(=O)NCC(=O)[O-]>>[NH3+]CC(=O)[O-].[*]SC[C@H](N)C(=O)O
185,NaN,Q8RX72,Leucine aminopeptidase 3; chloroplastic,Arabidopsis thaliana OX=3702,29.0,MNXR149048,-,3.4.11.1;3.4.11.2;3.4.11.23;3.4.13.-,2.0,0.0,0.16222,NaN,-1,0.162224,46.9,23.7,11.3,20.9,61290.11,6.6811,43.546,NC(N)=NCCC[C@H](N)C(=O)O.NCCCC(=O)O>>NC(N)=NCCCC(=O)O.NCCC[C@H](N)C(=O)O,[*]SC[C@H]([NH3+])C(=O)NCC(=O)[O-]>>[NH3+]CC(=O)[O-].[*]SC[C@H](N)C(=O)O
186,NaN,Q6K4E7,Aminopeptidase M1-D,Oryza sativa subsp. japonica OX=39947,31.0,MNXR149048,-,3.4.11.1;3.4.11.2;3.4.11.23;3.4.13.-,2.0,0.0,0.16222,NaN,-1,0.162224,44.8,20.7,15.9,20.5,98513.30,5.1245,46.964,NC(N)=NCCC[C@H](N)C(=O)O.NCCCC(=O)O>>NC(N)=NCCCC(=O)O.NCCC[C@H](N)C(=O)O,[*]SC[C@H]([NH3+])C(=O)NCC(=O)[O-]>>[NH3+]CC(=O)[O-].[*]SC[C@H](N)C(=O)O
187,NaN,Q0J2B5,Aminopeptidase M1-C,Oryza sativa subsp. japonica OX=39947,31.0,MNXR149048,-,3.4.11.1;3.4.11.2;3.4.11.23;3.4.13.-,2.0,0.0,0.16222,NaN,-1,0.162224,44.2,21.0,17.3,19.4,98682.52,5.4887,46.355,NC(N)=NCCC[C@H](N)C(=O)O.NCCCC(=O)O>>NC(N)=NCCCC(=O)O.NCCC[C@H](N)C(=O)O,[*]SC[C@H]([NH3+])C(=O)NCC(=O)[O-]>>[NH3+]CC(=O)[O-].[*]SC[C@H](N)C(=O)O
188,NaN,Q95P62,NaN,Aedes aegypti,36.0,MNXR149048,-,3.4.11.1;3.4.11.2;3.4.11.23;3.4.13.-,NaN,0.0,0.16222,NaN,-1,0.162224,-,-,-,-,-,-,-,NC(N)=NCCC[C@H](N)C(=O)O.NCCCC(=O)O>>NC(N)=NCCCC(=O)O.NCCC[C@H](N)C(=O)O,[*]SC[C@H]([NH3+])C(=O)NCC(=O)[O-]>>[NH3+]CC(=O)[O-].[*]SC[C@H](N)C(=O)O
189,NaN,Q9U8B0,NaN,Plutella xylostella,36.0,MNXR149048,-,3.4.11.1;3.4.11.2;3.4.11.23;3.4.13.-,NaN,0.0,0.16222,NaN,-1,0.162224,-,-,-,-,-,-,-,NC(N)=NCCC[C@H](N)C(=O)O.NCCCC(=O)O>>NC(N)=NCCCC(=O)O.NCCC[C@H](N)C(=O)O,[*]SC[C@H]([NH3+])C(=O)NCC(=O)[O-]>>[NH3+]CC(=O)[O-].[*]SC[C@H](N)C(=O)O
190,NaN,P91887,Aminopeptidase N,Plutella xylostella OX=51655,36.0,MNXR149048,-,3.4.11.1;3.4.11.2;3.4.11.23;3.4.13.-,1.0,0.0,0.16222,NaN,-1,0.162224,31.0,27.1,18.9,24.7,106578.21,4.7099,46.512,NC(N)=NCCC[C@H](N)C(=O)O.NCCCC(=O)O>>NC(N)=NCCCC(=O)O.NCCC[C@H](N)C(=O)O,[*]SC[C@H]([NH3+])C(=O)NCC(=O)[O-]>>[NH3+]CC(=O)[O-].[*]SC[C@H](N)C(=O)O
191,NaN,Q7Q2T8,Aminopeptidase N,Anopheles gambiae OX=7165,37.0,MNXR149048,-,3.4.11.1;3.4.11.2;3.4.11.23;3.4.13.-,1.0,0.0,0.16222,NaN,-1,0.162224,32.8,27.8,16.0,25.0,113243.87,4.8331,45.196,NC(N)=NCCC[C@H](N)C(=O)O.NCCCC(=O)O>>NC(N)=NCCCC(=O)O.NCCC[C@H](N)C(=O)O,[*]SC[C@H]([NH3+])C(=O)NCC(=O)[O-]>>[NH3+]CC(=O)[O-].[*]SC[C@H](N)C(=O)O
192,NaN,P79098,Aminopeptidase N,Bos taurus OX=9913,37.0,MNXR149048,-,3.4.11.1;3.4.11.2;3.4.11.23;3.4.13.-,2.0,0.0,0.16222,NaN,-1,0.162224,32.6,24.8,18.4,25.9,109276.48,4.9666,47.565,NC(N)=NCCC[C@H](N)C(=O)O.NCCCC(=O)O>>NC(N)=NCCCC(=O)O.NCCC[C@H](N)C(=O)O,[*]SC[C@H]([NH3+])C(=O)NCC(=O)[O-]>>[NH3+]CC(=O)[O-].[*]SC[C@H](N)C(=O)O
193,NaN,P15684,Aminopeptidase N,Rattus norvegicus OX=10116,38.0,MNXR149048,-,3.4.11.1;3.4.11.2;3.4.11.23;3.4.13.-,1.0,0.0,0.16222,NaN,-1,0.162224,29.1,27.5,18.7,26.4,109448.52,5.1337,48.083,NC(N)=NCCC[C@H](N)C(=O)O.NCCCC(=O)O>>NC(N)=NCCCC(=O)O.NCCC[C@H](N)C(=O)O,[*]SC[C@H]([NH3+])C(=O)NCC(=O)[O-]>>[NH3+]CC(=O)[O-].[*]SC[C@H](N)C(=O)O
194,NaN,Q68FS4,Cytosol aminopeptidase,Rattus norvegicus OX=10116,38.0,MNXR149048,-,3.4.11.1;3.4.11.2;3.4.11.23;3.4.13.-,1.0,0.0,0.16222,NaN,-1,0.162224,39.4,23.9,15.3,24.7,56150.14,7.2379,43.738,NC(N)=NCCC[C@H](N)C(=O)O.NCCCC(=O)O>>NC(N)=NCCCC(=O)O.NCCC[C@H](N)C(=O)O,[*]SC[C@H]([NH3+])C(=O)NCC(=O)[O-]>>[NH3+]CC(=O)[O-].[*]SC[C@H](N)C(=O)O
195,NaN,Q8T7M0,NaN,Bombyx mori,38.0,MNXR149048,-,3.4.11.1;3.4.11.2;3.4.11.23;3.4.13.-,NaN,0.0,0.16222,NaN,-1,0.162224,-,-,-,-,-,-,-,NC(N)=NCCC[C@H](N)C(=O)O.NCCCC(=O)O>>NC(N)=NCCCC(=O)O.NCCC[C@H](N)C(=O)O,[*]SC[C@H]([NH3+])C(=O)NCC(=O)[O-]>>[NH3+]CC(=O)[O-].[*]SC[C@H](N)C(=O)O
196,NaN,P86249,Cytosol aminopeptidase (Fragments),Mesocricetus auratus OX=10036,38.0,MNXR149048,-,3.4.11.1;3.4.11.2;3.4.11.23;3.4.13.-,1.0,0.0,0.16222,NaN,-1,0.162224,150.0,200.0,0.0,150.0,2218.63,10.3977,35.000,NC(N)=NCCC[C@H](N)C(=O)O.NCCCC(=O)O>>NC(N)=NCCCC(=O)O.NCCC[C@H](N)C(=O)O,[*]SC[C@H]([NH3+])C(=O)NCC(=O)[O-]>>[NH3+]CC(=O)[O-].[*]SC[C@H](N)C(=O)O
197,NaN,P28838,Cytosol aminopeptidase,Homo sapiens OX=9606,39.0,MNXR149048,-,3.4.11.1;3.4.11.2;3.4.11.23;3.4.13.-,1.0,0.0,0.16222,NaN,-1,0.162224,41.7,23.3,15.1,23.1,56166.35,8.0542,43.353,NC(N)=NCCC[C@H](N)C(=O)O.NCCCC(=O)O>>NC(N)=NCCCC(=O)O.NCCC[C@H](N)C(=O)O,[*]SC[C@H]([NH3+])C(=O)NCC(=O)[O-]>>[NH3+]CC(=O)[O-].[*]SC[C@H](N)C(=O)O
198,NaN,P15144,Aminopeptidase N,Homo sapiens OX=9606,39.0,MNXR149048,-,3.4.11.1;3.4.11.2;3.4.11.23;3.4.13.-,1.0,0.0,0.16222,NaN,-1,0.162224,31.0,26.5,18.7,25.4,109539.60,5.1413,47.983,NC(N)=NCCC[C@H](N)C(=O)O.NCCCC(=O)O>>NC(N)=NCCCC(=O)O.NCCC[C@H](N)C(=O)O,[*]SC[C@H]([NH3+])C(=O)NCC(=O)[O-]>>[NH3+]CC(=O)[O-].[*]SC[C@H](N)C(=O)O
199,NaN,Q6P179,Endoplasmic reticulum aminopeptidase 2,Homo sapiens OX=9606,39.0,MNXR149048,-,3.4.11.1;3.4.11.2;3.4.11.23;3.4.13.-,1.0,0.0,0.16222,NaN,-1,0.162224,43.0,21.0,19.3,18.4,110461.69,6.7004,47.812,NC(N)=NCCC[C@H](N)C(=O)O.NCCCC(=O)O>>NC(N)=NCCCC(=O)O.NCCC[C@H](N)C(=O)O,[*]SC[C@H]([NH3+])C(=O)NCC(=O)[O-]>>[NH3+]CC(=O)[O-].[*]SC[C@H](N)C(=O)O
200,NaN,A0A2I7M6F6,NaN,NaN,inf,MNXR149048,-,3.4.11.1;3.4.11.2;3.4.11.23;3.4.13.-,NaN,0.0,0.16222,NaN,-1,0.162224,-,-,-,-,-,-,-,NC(N)=NCCC[C@H](N)C(=O)O.NCCCC(=O)O>>NC(N)=NCCCC(=O)O.NCCC[C@H](N)C(=O)O,[*]SC[C@H]([NH3+])C(=O)NCC(=O)[O-]>>[NH3+]CC(=O)[O-].[*]SC[C@H](N)C(=O)O
